<?xml version="1.0" encoding="utf-8" standalone="yes" ?>
<rss version="2.0" xmlns:atom="http://www.w3.org/2005/Atom">
  <channel>
    <title>José Carlos González-Hidalgo on Marcos Rodrigues</title>
    <link>/authors/jos%C3%A9-carlos-gonz%C3%A1lez-hidalgo/</link>
    <description>Recent content in José Carlos González-Hidalgo on Marcos Rodrigues</description>
    <generator>Hugo -- gohugo.io</generator>
    <language>en-us</language>
    <lastBuildDate>Tue, 01 Jan 2019 00:00:00 +0100</lastBuildDate>
    
	<atom:link href="/authors/jos%C3%A9-carlos-gonz%C3%A1lez-hidalgo/index.xml" rel="self" type="application/rss+xml" />
    
    
    <item>
      <title>Identifying wildfire-prone atmospheric circulation weather types on mainland Spain</title>
      <link>/publication/rodrigues-2019-identifying/</link>
      <pubDate>Tue, 01 Jan 2019 00:00:00 +0100</pubDate>
      
      <guid>/publication/rodrigues-2019-identifying/</guid>
      <description></description>
    </item>
    
  </channel>
</rss>