<?xml version="1.0" encoding="utf-8" standalone="yes" ?>
<rss version="2.0" xmlns:atom="http://www.w3.org/2005/Atom">
  <channel>
    <title>Deep Learning on Marcos Rodrigues</title>
    <link>/tags/deep-learning/</link>
    <description>Recent content in Deep Learning on Marcos Rodrigues</description>
    <generator>Hugo -- gohugo.io</generator>
    <language>en-us</language>
    <lastBuildDate>Wed, 27 Apr 2016 00:00:00 +0200</lastBuildDate>
    
	<atom:link href="/tags/deep-learning/index.xml" rel="self" type="application/rss+xml" />
    
    
    <item>
      <title>FIREGLOBE</title>
      <link>/project/internal-project/</link>
      <pubDate>Wed, 27 Apr 2016 00:00:00 +0200</pubDate>
      
      <guid>/project/internal-project/</guid>
      <description>Lorem ipsum dolor sit amet, consectetur adipiscing elit. Duis posuere tellus ac convallis placerat. Proin tincidunt magna sed ex sollicitudin condimentum. Sed ac faucibus dolor, scelerisque sollicitudin nisi. Cras purus urna, suscipit quis sapien eu, pulvinar tempor diam. Quisque risus orci, mollis id ante sit amet, gravida egestas nisl. Sed ac tempus magna. Proin in dui enim. Donec condimentum, sem id dapibus fringilla, tellus enim condimentum arcu, nec volutpat est felis vel metus.</description>
    </item>
    
  </channel>
</rss>