<?xml version="1.0" encoding="utf-8" standalone="yes" ?>
<rss version="2.0" xmlns:atom="http://www.w3.org/2005/Atom">
  <channel>
    <title>Homes on Marcos Rodrigues</title>
    <link>/home/</link>
    <description>Recent content in Homes on Marcos Rodrigues</description>
    <generator>Hugo -- gohugo.io</generator>
    <language>en-us</language>
    <lastBuildDate>Sun, 15 Oct 2017 00:00:00 +0200</lastBuildDate>
    
	<atom:link href="/home/index.xml" rel="self" type="application/rss+xml" />
    
    
    <item>
      <title></title>
      <link>/home/hero_carousel/</link>
      <pubDate>Sun, 15 Oct 2017 00:00:00 +0200</pubDate>
      
      <guid>/home/hero_carousel/</guid>
      <description></description>
    </item>
    
    <item>
      <title>Academic</title>
      <link>/home/hero/</link>
      <pubDate>Sun, 15 Oct 2017 00:00:00 +0200</pubDate>
      
      <guid>/home/hero/</guid>
      <description>The highly flexible website framework for Hugo with an extensible plugin mechanism. Create a beautifully simple site in under 10 minutes 🚀 Latest release   Star</description>
    </item>
    
    <item>
      <title>Biography</title>
      <link>/home/about/</link>
      <pubDate>Wed, 20 Apr 2016 00:00:00 +0200</pubDate>
      
      <guid>/home/about/</guid>
      <description></description>
    </item>
    
    <item>
      <title>Skills</title>
      <link>/home/skills/</link>
      <pubDate>Wed, 20 Sep 2017 00:00:00 +0200</pubDate>
      
      <guid>/home/skills/</guid>
      <description></description>
    </item>
    
    <item>
      <title>Experience</title>
      <link>/home/experience/</link>
      <pubDate>Mon, 01 Jan 0001 00:00:00 +0000</pubDate>
      
      <guid>/home/experience/</guid>
      <description></description>
    </item>
    
    <item>
      <title>Featured Publications</title>
      <link>/home/publications_featured/</link>
      <pubDate>Wed, 20 Apr 2016 00:00:00 +0200</pubDate>
      
      <guid>/home/publications_featured/</guid>
      <description></description>
    </item>
    
    <item>
      <title>Recent Publications</title>
      <link>/home/publications/</link>
      <pubDate>Wed, 20 Apr 2016 00:00:00 +0200</pubDate>
      
      <guid>/home/publications/</guid>
      <description></description>
    </item>
    
    <item>
      <title>Accomplish&amp;shy;ments</title>
      <link>/home/accomplishments/</link>
      <pubDate>Mon, 01 Jan 0001 00:00:00 +0000</pubDate>
      
      <guid>/home/accomplishments/</guid>
      <description></description>
    </item>
    
    <item>
      <title>Featured Talks</title>
      <link>/home/talks_featured/</link>
      <pubDate>Wed, 20 Apr 2016 00:00:00 +0200</pubDate>
      
      <guid>/home/talks_featured/</guid>
      <description></description>
    </item>
    
    <item>
      <title>Recent &amp; Upcoming Talks</title>
      <link>/home/talks/</link>
      <pubDate>Wed, 20 Apr 2016 00:00:00 +0200</pubDate>
      
      <guid>/home/talks/</guid>
      <description></description>
    </item>
    
    <item>
      <title>Recent Posts</title>
      <link>/home/posts/</link>
      <pubDate>Wed, 20 Apr 2016 00:00:00 +0200</pubDate>
      
      <guid>/home/posts/</guid>
      <description></description>
    </item>
    
    <item>
      <title>Projects</title>
      <link>/home/projects/</link>
      <pubDate>Wed, 20 Apr 2016 00:00:00 +0200</pubDate>
      
      <guid>/home/projects/</guid>
      <description></description>
    </item>
    
    <item>
      <title>Teaching</title>
      <link>/home/teaching/</link>
      <pubDate>Wed, 20 Apr 2016 00:00:00 +0200</pubDate>
      
      <guid>/home/teaching/</guid>
      <description>I am a teaching instructor for the following courses of the MSc European Forestry (Erasmus Mundus MSc programme) at University of LLeida:
 ST in methods in hazard analysis and risk assessment (111003) Introduction to spatial statistics with R (111019)  Former lecturer at the MsC in Geographic Information Technologies - University of Zaragoza:
 Acquisiton and Organization of Geographic Information (60401) Geographic Information Analysis: Geographic Information Systems (60402) Thematic Cartography, Geovisualization and Web Mapping (60418)  </description>
    </item>
    
    <item>
      <title>Tags</title>
      <link>/home/tags/</link>
      <pubDate>Wed, 20 Sep 2017 00:00:00 +0200</pubDate>
      
      <guid>/home/tags/</guid>
      <description></description>
    </item>
    
    <item>
      <title>Contact</title>
      <link>/home/contact/</link>
      <pubDate>Wed, 20 Apr 2016 00:00:00 +0200</pubDate>
      
      <guid>/home/contact/</guid>
      <description></description>
    </item>
    
  </channel>
</rss>