<?xml version="1.0" encoding="utf-8" standalone="yes" ?>
<rss version="2.0" xmlns:atom="http://www.w3.org/2005/Atom">
  <channel>
    <title>Inmaculada Aguado on Marcos Rodrigues</title>
    <link>/authors/inmaculada-aguado/</link>
    <description>Recent content in Inmaculada Aguado on Marcos Rodrigues</description>
    <generator>Hugo -- gohugo.io</generator>
    <language>en-us</language>
    <lastBuildDate>Wed, 01 Jan 2014 00:00:00 +0100</lastBuildDate>
    
	<atom:link href="/authors/inmaculada-aguado/index.xml" rel="self" type="application/rss+xml" />
    
    
    <item>
      <title>Integrating geospatial information into fire risk assessment</title>
      <link>/publication/chuvieco-2014-integrating/</link>
      <pubDate>Wed, 01 Jan 2014 00:00:00 +0100</pubDate>
      
      <guid>/publication/chuvieco-2014-integrating/</guid>
      <description></description>
    </item>
    
  </channel>
</rss>