<?xml version="1.0" encoding="utf-8" standalone="yes" ?>
<rss version="2.0" xmlns:atom="http://www.w3.org/2005/Atom">
  <channel>
    <title>Adrián Jiménez on Marcos Rodrigues</title>
    <link>/authors/adri%C3%A1n-jim%C3%A9nez/</link>
    <description>Recent content in Adrián Jiménez on Marcos Rodrigues</description>
    <generator>Hugo -- gohugo.io</generator>
    <language>en-us</language>
    <lastBuildDate>Fri, 01 Jan 2016 00:00:00 +0100</lastBuildDate>
    
	<atom:link href="/authors/adri%C3%A1n-jim%C3%A9nez/index.xml" rel="self" type="application/rss+xml" />
    
    
    <item>
      <title>Analysis of recent spatial--temporal evolution of human driving factors of wildfires in Spain</title>
      <link>/publication/rodrigues-2016-analysis/</link>
      <pubDate>Fri, 01 Jan 2016 00:00:00 +0100</pubDate>
      
      <guid>/publication/rodrigues-2016-analysis/</guid>
      <description></description>
    </item>
    
  </channel>
</rss>