<?xml version="1.0" encoding="utf-8" standalone="yes" ?>
<rss version="2.0" xmlns:atom="http://www.w3.org/2005/Atom">
  <channel>
    <title>Joseba F Tobar on Marcos Rodrigues</title>
    <link>/authors/joseba-f-tobar/</link>
    <description>Recent content in Joseba F Tobar on Marcos Rodrigues</description>
    <generator>Hugo -- gohugo.io</generator>
    <language>en-us</language>
    <lastBuildDate>Fri, 01 Jan 2016 00:00:00 +0100</lastBuildDate>
    
	<atom:link href="/authors/joseba-f-tobar/index.xml" rel="self" type="application/rss+xml" />
    
    
    <item>
      <title>No habitat selection during spring migration at a meso-scale range across mosaic landscapes: A case study with the woodcock (Scolopax rusticola)</title>
      <link>/publication/crespo-2016-no/</link>
      <pubDate>Fri, 01 Jan 2016 00:00:00 +0100</pubDate>
      
      <guid>/publication/crespo-2016-no/</guid>
      <description></description>
    </item>
    
  </channel>
</rss>