<?xml version="1.0" encoding="utf-8" standalone="yes" ?>
<rss version="2.0" xmlns:atom="http://www.w3.org/2005/Atom">
  <channel>
    <title>Yago Martı́n on Marcos Rodrigues</title>
    <link>/authors/yago-mart%C4%B1%CC%81n/</link>
    <description>Recent content in Yago Martı́n on Marcos Rodrigues</description>
    <generator>Hugo -- gohugo.io</generator>
    <language>en-us</language>
    <lastBuildDate>Sun, 01 Jan 2017 00:00:00 +0100</lastBuildDate>
    
	<atom:link href="/authors/yago-mart%C4%B1%CC%81n/index.xml" rel="self" type="application/rss+xml" />
    
    
    <item>
      <title>Community vulnerability to hazards: Introducing local expert knowledge into the equation</title>
      <link>/publication/martin-2017-community/</link>
      <pubDate>Sun, 01 Jan 2017 00:00:00 +0100</pubDate>
      
      <guid>/publication/martin-2017-community/</guid>
      <description></description>
    </item>
    
  </channel>
</rss>