<?xml version="1.0" encoding="utf-8" standalone="yes" ?>
<rss version="2.0" xmlns:atom="http://www.w3.org/2005/Atom">
  <channel>
    <title>Fire risk; Forest management on Marcos Rodrigues</title>
    <link>/tags/fire-risk-forest-management/</link>
    <description>Recent content in Fire risk; Forest management on Marcos Rodrigues</description>
    <generator>Hugo -- gohugo.io</generator>
    <language>en-us</language>
    <lastBuildDate>Wed, 27 Apr 2016 00:00:00 +0200</lastBuildDate>
    
	<atom:link href="/tags/fire-risk-forest-management/index.xml" rel="self" type="application/rss+xml" />
    
    
    <item>
      <title>SERGISAT</title>
      <link>/project/sergisat/</link>
      <pubDate>Wed, 27 Apr 2016 00:00:00 +0200</pubDate>
      
      <guid>/project/sergisat/</guid>
      <description>Modelado de escenarios futuros de riesgo de incendios y cambios en la ocupación del suelo a escala nacional</description>
    </item>
    
  </channel>
</rss>