<?xml version="1.0" encoding="utf-8" standalone="yes" ?>
<rss version="2.0" xmlns:atom="http://www.w3.org/2005/Atom">
  <channel>
    <title>Tags on Marcos Rodrigues</title>
    <link>/tags/</link>
    <description>Recent content in Tags on Marcos Rodrigues</description>
    <generator>Hugo -- gohugo.io</generator>
    <language>en-us</language>
    <lastBuildDate>Wed, 20 Apr 2016 00:00:00 +0200</lastBuildDate>
    
	<atom:link href="/tags/index.xml" rel="self" type="application/rss+xml" />
    
    
    <item>
      <title>Academic</title>
      <link>/tags/academic/</link>
      <pubDate>Wed, 20 Apr 2016 00:00:00 +0200</pubDate>
      
      <guid>/tags/academic/</guid>
      <description></description>
    </item>
    
    <item>
      <title>Fire risk</title>
      <link>/tags/fire-risk/</link>
      <pubDate>Wed, 27 Apr 2016 00:00:00 +0200</pubDate>
      
      <guid>/tags/fire-risk/</guid>
      <description></description>
    </item>
    
    <item>
      <title>Forest management</title>
      <link>/tags/forest-management/</link>
      <pubDate>Wed, 27 Apr 2016 00:00:00 +0200</pubDate>
      
      <guid>/tags/forest-management/</guid>
      <description></description>
    </item>
    
    <item>
      <title>Other</title>
      <link>/tags/other/</link>
      <pubDate>Wed, 27 Apr 2016 00:00:00 +0200</pubDate>
      
      <guid>/tags/other/</guid>
      <description></description>
    </item>
    
    <item>
      <title>R Markdown</title>
      <link>/tags/r-markdown/</link>
      <pubDate>Thu, 23 Jul 2015 21:13:14 -0500</pubDate>
      
      <guid>/tags/r-markdown/</guid>
      <description></description>
    </item>
    
    <item>
      <title>plot</title>
      <link>/tags/plot/</link>
      <pubDate>Thu, 23 Jul 2015 21:13:14 -0500</pubDate>
      
      <guid>/tags/plot/</guid>
      <description></description>
    </item>
    
    <item>
      <title>regression</title>
      <link>/tags/regression/</link>
      <pubDate>Thu, 23 Jul 2015 21:13:14 -0500</pubDate>
      
      <guid>/tags/regression/</guid>
      <description></description>
    </item>
    
  </channel>
</rss>