<?xml version="1.0" encoding="utf-8" standalone="yes" ?>
<rss version="2.0" xmlns:atom="http://www.w3.org/2005/Atom">
  <channel>
    <title>2 on Marcos Rodrigues</title>
    <link>/publication_types/2/</link>
    <description>Recent content in 2 on Marcos Rodrigues</description>
    <generator>Hugo -- gohugo.io</generator>
    <language>en-us</language>
    <lastBuildDate>Tue, 01 Jan 2019 00:00:00 +0100</lastBuildDate>
    
	<atom:link href="/publication_types/2/index.xml" rel="self" type="application/rss+xml" />
    
    
    <item>
      <title>Identifying wildfire-prone atmospheric circulation weather types on mainland Spain</title>
      <link>/publication/rodrigues-2019-identifying/</link>
      <pubDate>Tue, 01 Jan 2019 00:00:00 +0100</pubDate>
      
      <guid>/publication/rodrigues-2019-identifying/</guid>
      <description></description>
    </item>
    
    <item>
      <title>Modelling temporal variation of fire-occurrence towards the dynamic prediction of human wildfire ignition danger in northeast Spain</title>
      <link>/publication/martin-2019-modelling/</link>
      <pubDate>Tue, 01 Jan 2019 00:00:00 +0100</pubDate>
      
      <guid>/publication/martin-2019-modelling/</guid>
      <description></description>
    </item>
    
    <item>
      <title>A comprehensive spatial-temporal analysis of driving factors of human-caused wildfires in Spain using Geographically Weighted Logistic Regression</title>
      <link>/publication/rodrigues-2018-comprehensive/</link>
      <pubDate>Mon, 01 Jan 2018 00:00:00 +0100</pubDate>
      
      <guid>/publication/rodrigues-2018-comprehensive/</guid>
      <description></description>
    </item>
    
    <item>
      <title>Accuracy assessment of the latest generations of MODIS burned area products for mapping fire scars on a regional scale over Campos Amazônicos Savanna Enclave (Brazilian Amazon)</title>
      <link>/publication/alves-2018-accuracy/</link>
      <pubDate>Mon, 01 Jan 2018 00:00:00 +0100</pubDate>
      
      <guid>/publication/alves-2018-accuracy/</guid>
      <description></description>
    </item>
    
    <item>
      <title>The role of short-term weather conditions in temporal dynamics of fire regime features in mainland Spain</title>
      <link>/publication/jimenez-2018-role/</link>
      <pubDate>Mon, 01 Jan 2018 00:00:00 +0100</pubDate>
      
      <guid>/publication/jimenez-2018-role/</guid>
      <description></description>
    </item>
    
    <item>
      <title>Community vulnerability to hazards: Introducing local expert knowledge into the equation</title>
      <link>/publication/martin-2017-community/</link>
      <pubDate>Sun, 01 Jan 2017 00:00:00 +0100</pubDate>
      
      <guid>/publication/martin-2017-community/</guid>
      <description></description>
    </item>
    
    <item>
      <title>Space-time modeling for post-fire vegetation recovery</title>
      <link>/publication/paci-2017-space/</link>
      <pubDate>Sun, 01 Jan 2017 00:00:00 +0100</pubDate>
      
      <guid>/publication/paci-2017-space/</guid>
      <description></description>
    </item>
    
    <item>
      <title>Understanding wildfires in mainland Spain. A comprehensive analysis of fire regime features in a climate-human context</title>
      <link>/publication/jimenez-2017-understanding/</link>
      <pubDate>Sun, 01 Jan 2017 00:00:00 +0100</pubDate>
      
      <guid>/publication/jimenez-2017-understanding/</guid>
      <description></description>
    </item>
    
    <item>
      <title>Analysis of recent spatial--temporal evolution of human driving factors of wildfires in Spain</title>
      <link>/publication/rodrigues-2016-analysis/</link>
      <pubDate>Fri, 01 Jan 2016 00:00:00 +0100</pubDate>
      
      <guid>/publication/rodrigues-2016-analysis/</guid>
      <description></description>
    </item>
    
    <item>
      <title>No habitat selection during spring migration at a meso-scale range across mosaic landscapes: A case study with the woodcock (Scolopax rusticola)</title>
      <link>/publication/crespo-2016-no/</link>
      <pubDate>Fri, 01 Jan 2016 00:00:00 +0100</pubDate>
      
      <guid>/publication/crespo-2016-no/</guid>
      <description></description>
    </item>
    
    <item>
      <title>A method for regional-scale assessment of vegetation recovery time after high-severity wildfires: Case study of Spain</title>
      <link>/publication/rodrigues-2014-method/</link>
      <pubDate>Wed, 01 Jan 2014 00:00:00 +0100</pubDate>
      
      <guid>/publication/rodrigues-2014-method/</guid>
      <description></description>
    </item>
    
    <item>
      <title>An insight into machine-learning algorithms to model human-caused wildfire occurrence</title>
      <link>/publication/rodrigues-2014-insight/</link>
      <pubDate>Wed, 01 Jan 2014 00:00:00 +0100</pubDate>
      
      <guid>/publication/rodrigues-2014-insight/</guid>
      <description></description>
    </item>
    
    <item>
      <title>Analysis of the relationship between land surface temperature and wildfire severity in a series of Landsat images</title>
      <link>/publication/vlassova-2014-analysis/</link>
      <pubDate>Wed, 01 Jan 2014 00:00:00 +0100</pubDate>
      
      <guid>/publication/vlassova-2014-analysis/</guid>
      <description></description>
    </item>
    
    <item>
      <title>Assessing the effect on fire risk modeling of the uncertainty in the location and cause of forest fires</title>
      <link>/publication/rodrigues-2014-assessing/</link>
      <pubDate>Wed, 01 Jan 2014 00:00:00 +0100</pubDate>
      
      <guid>/publication/rodrigues-2014-assessing/</guid>
      <description></description>
    </item>
    
    <item>
      <title>Integrating geospatial information into fire risk assessment</title>
      <link>/publication/chuvieco-2014-integrating/</link>
      <pubDate>Wed, 01 Jan 2014 00:00:00 +0100</pubDate>
      
      <guid>/publication/chuvieco-2014-integrating/</guid>
      <description></description>
    </item>
    
    <item>
      <title>Modeling the spatial variation of the explanatory factors of human-caused wildfires in Spain using geographically weighted logistic regression</title>
      <link>/publication/rodrigues-2014-modeling/</link>
      <pubDate>Wed, 01 Jan 2014 00:00:00 +0100</pubDate>
      
      <guid>/publication/rodrigues-2014-modeling/</guid>
      <description></description>
    </item>
    
    <item>
      <title>An insight into spatial-temporal trends of fire ignitions and burned areas in the European Mediterranean countries</title>
      <link>/publication/rodrigues-2013-insight/</link>
      <pubDate>Tue, 01 Jan 2013 00:00:00 +0100</pubDate>
      
      <guid>/publication/rodrigues-2013-insight/</guid>
      <description></description>
    </item>
    
    <item>
      <title>Methodological approach to assess the socio-economic vulnerability to wildfires in Spain</title>
      <link>/publication/roman-2013-methodological/</link>
      <pubDate>Tue, 01 Jan 2013 00:00:00 +0100</pubDate>
      
      <guid>/publication/roman-2013-methodological/</guid>
      <description></description>
    </item>
    
    <item>
      <title>The technical potential of first-generation biofuels obtained from energy crops in Spain</title>
      <link>/publication/gomez-2011-technical/</link>
      <pubDate>Sat, 01 Jan 2011 00:00:00 +0100</pubDate>
      
      <guid>/publication/gomez-2011-technical/</guid>
      <description></description>
    </item>
    
    <item>
      <title>The use of cost-generation curves for the analysis of wind electricity costs in Spain</title>
      <link>/publication/fueyo-2011-use/</link>
      <pubDate>Sat, 01 Jan 2011 00:00:00 +0100</pubDate>
      
      <guid>/publication/fueyo-2011-use/</guid>
      <description></description>
    </item>
    
    <item>
      <title>A method for the assessment of the visual impact caused by the large-scale deployment of renewable-energy facilities</title>
      <link>/publication/rodrigues-2010-method/</link>
      <pubDate>Fri, 01 Jan 2010 00:00:00 +0100</pubDate>
      
      <guid>/publication/rodrigues-2010-method/</guid>
      <description></description>
    </item>
    
    <item>
      <title>An estimation of the energy potential of agro-industrial residues in Spain</title>
      <link>/publication/gomez-2010-estimation/</link>
      <pubDate>Fri, 01 Jan 2010 00:00:00 +0100</pubDate>
      
      <guid>/publication/gomez-2010-estimation/</guid>
      <description></description>
    </item>
    
    <item>
      <title>High resolution modelling of the on-shore technical wind energy potential in Spain</title>
      <link>/publication/fueyo-2010-high/</link>
      <pubDate>Fri, 01 Jan 2010 00:00:00 +0100</pubDate>
      
      <guid>/publication/fueyo-2010-high/</guid>
      <description></description>
    </item>
    
    <item>
      <title>Potential and cost of electricity generation from human and animal waste in Spain</title>
      <link>/publication/gomez-2010-potential/</link>
      <pubDate>Fri, 01 Jan 2010 00:00:00 +0100</pubDate>
      
      <guid>/publication/gomez-2010-potential/</guid>
      <description></description>
    </item>
    
    <item>
      <title>A method for estimating the geographical distribution of the available roof surface area for large-scale photovoltaic energy-potential evaluations</title>
      <link>/publication/izquierdo-2008-method/</link>
      <pubDate>Tue, 01 Jan 2008 00:00:00 +0100</pubDate>
      
      <guid>/publication/izquierdo-2008-method/</guid>
      <description></description>
    </item>
    
  </channel>
</rss>