<?xml version="1.0" encoding="utf-8" standalone="yes" ?>
<rss version="2.0" xmlns:atom="http://www.w3.org/2005/Atom">
  <channel>
    <title>Publication_types on Marcos Rodrigues</title>
    <link>/publication_types/</link>
    <description>Recent content in Publication_types on Marcos Rodrigues</description>
    <generator>Hugo -- gohugo.io</generator>
    <language>en-us</language>
    <lastBuildDate>Tue, 01 Jan 2019 00:00:00 +0100</lastBuildDate>
    
	<atom:link href="/publication_types/index.xml" rel="self" type="application/rss+xml" />
    
    
    <item>
      <title>2</title>
      <link>/publication_types/2/</link>
      <pubDate>Tue, 01 Jan 2019 00:00:00 +0100</pubDate>
      
      <guid>/publication_types/2/</guid>
      <description></description>
    </item>
    
    <item>
      <title>4</title>
      <link>/publication_types/4/</link>
      <pubDate>Thu, 01 Jan 2015 00:00:00 +0100</pubDate>
      
      <guid>/publication_types/4/</guid>
      <description></description>
    </item>
    
    <item>
      <title>6</title>
      <link>/publication_types/6/</link>
      <pubDate>Sun, 01 Jan 2012 00:00:00 +0100</pubDate>
      
      <guid>/publication_types/6/</guid>
      <description></description>
    </item>
    
  </channel>
</rss>