[{"authors":null,"categories":null,"content":"I am a Geographer, interested in forest fire modeling and multiscale risk assessment.\nI completed my PhD in Environmental and Land management at the University of Zaragoza in 2015. I am currently a postdoctoral research fellow (JdlC - Formación) at the Department of Agricultural and Forest Engineering, Universityof LLeida. I am also funding member of RemOT-Technologies S.L.\n","date":-62135596800,"expirydate":-62135596800,"kind":"section","lang":"en","lastmod":-62135596800,"objectID":"598b63dd58b43bce02403646f240cd3c","permalink":"/author/admin/","publishdate":"0001-01-01T00:00:00Z","relpermalink":"/author/admin/","section":"author","summary":"I am a Geographer, interested in forest fire modeling and multiscale risk assessment.\nI completed my PhD in Environmental and Land management at the University of Zaragoza in 2015. I am currently a postdoctoral research fellow (JdlC - Formación) at the Department of Agricultural and Forest Engineering, Universityof LLeida. I am also funding member of RemOT-Technologies S.L.","tags":null,"title":"","type":"author"},{"authors":null,"categories":null,"content":"","date":-62135596800,"expirydate":-62135596800,"kind":"section","lang":"en","lastmod":-62135596800,"objectID":"d41d8cd98f00b204e9800998ecf8427e","permalink":"/author/","publishdate":"0001-01-01T00:00:00Z","relpermalink":"/author/","section":"author","summary":"","tags":null,"title":"Authors","type":"author"},{"authors":null,"categories":null,"content":"This feature can be used for publishing content such as:\n Project or software documentation Online courses Tutorials  The parent folder may be renamed, for example, to docs for project documentation or course for creating an online course.\nTo disable this feature, either delete the parent folder, or set draft = true in the front matter of all its pages.\nAfter renaming or deleting the parent folder, you may wish to update any [[menu.main]] menu links to it in the config.toml.\n","date":1536444000,"expirydate":-62135596800,"kind":"section","lang":"en","lastmod":1536444000,"objectID":"c3224f3a64174f08aaf31e1f1d16ffd3","permalink":"/tutorial/","publishdate":"2018-09-09T00:00:00+02:00","relpermalink":"/tutorial/","section":"tutorial","summary":"This feature can be used for publishing content such as:\n Project or software documentation Online courses Tutorials  The parent folder may be renamed, for example, to docs for project documentation or course for creating an online course.\nTo disable this feature, either delete the parent folder, or set draft = true in the front matter of all its pages.\nAfter renaming or deleting the parent folder, you may wish to update any [[menu.","tags":null,"title":"Overview","type":"docs"},{"authors":["Marcos Rodrigues","José Carlos González-Hidalgo","Dhais Peña-Angulo","Adrián Jiménez-Ruano"],"categories":null,"content":"","date":1546297200,"expirydate":-62135596800,"kind":"page","lang":"en","lastmod":1546297200,"objectID":"d9e2ddf9512599262b6928c25c21083f","permalink":"/publication/rodrigues-2019-identifying/","publishdate":"2019-01-01T00:00:00+01:00","relpermalink":"/publication/rodrigues-2019-identifying/","section":"publication","summary":"","tags":null,"title":"Identifying wildfire-prone atmospheric circulation weather types on mainland Spain","type":"publication"},{"authors":["Yago Martıín","María Zúñiga-Antón","Marcos Rodrigues Mimbrero"],"categories":null,"content":"","date":1546297200,"expirydate":-62135596800,"kind":"page","lang":"en","lastmod":1546297200,"objectID":"9f982e07e6c86ed8372c64b05f63581c","permalink":"/publication/martin-2019-modelling/","publishdate":"2019-01-01T00:00:00+01:00","relpermalink":"/publication/martin-2019-modelling/","section":"publication","summary":"","tags":null,"title":"Modelling temporal variation of fire-occurrence towards the dynamic prediction of human wildfire ignition danger in northeast Spain","type":"publication"},{"authors":null,"categories":null,"content":" In this tutorial, I\u0026rsquo;ll share my top 10 tips for getting started with Academic:\nTip 1 \u0026hellip;\nTip 2 \u0026hellip;\n","date":1536444000,"expirydate":-62135596800,"kind":"page","lang":"en","lastmod":1536444000,"objectID":"6a451186c775f5f0adb3a0416d0cb711","permalink":"/tutorial/example/","publishdate":"2018-09-09T00:00:00+02:00","relpermalink":"/tutorial/example/","section":"tutorial","summary":"In this tutorial, I\u0026rsquo;ll share my top 10 tips for getting started with Academic:\nTip 1 \u0026hellip;\nTip 2 \u0026hellip;","tags":null,"title":"Example Page","type":"docs"},{"authors":["Marcos Rodrigues","Adrián Jiménez-Ruano","Dhais Peña-Angulo","Juan de la Riva"],"categories":null,"content":"","date":1514761200,"expirydate":-62135596800,"kind":"page","lang":"en","lastmod":1514761200,"objectID":"f60f53e7c13d52fb9bda43a39e0ce2d0","permalink":"/publication/rodrigues-2018-comprehensive/","publishdate":"2018-01-01T00:00:00+01:00","relpermalink":"/publication/rodrigues-2018-comprehensive/","section":"publication","summary":"","tags":null,"title":"A comprehensive spatial-temporal analysis of driving factors of human-caused wildfires in Spain using Geographically Weighted Logistic Regression","type":"publication"},{"authors":["Daniel Borini Alves","Fernando Pérez-Cabello","Marcos Rodrigues Mimbrero","Miquel Febrer-Martı́nez"],"categories":null,"content":"","date":1514761200,"expirydate":-62135596800,"kind":"page","lang":"en","lastmod":1514761200,"objectID":"09b5ec11a5fc26c4b8dcf906b097b506","permalink":"/publication/alves-2018-accuracy/","publishdate":"2018-01-01T00:00:00+01:00","relpermalink":"/publication/alves-2018-accuracy/","section":"publication","summary":"","tags":null,"title":"Accuracy assessment of the latest generations of MODIS burned area products for mapping fire scars on a regional scale over Campos Amazônicos Savanna Enclave (Brazilian Amazon)","type":"publication"},{"authors":["Adrián Jiménez-Ruano","Marcos Rodrigues Mimbrero","W Matt Jolly","Juan de la Riva Fernández"],"categories":null,"content":"","date":1514761200,"expirydate":-62135596800,"kind":"page","lang":"en","lastmod":1514761200,"objectID":"786e52e05e1988283342812c97ae201b","permalink":"/publication/jimenez-2018-role/","publishdate":"2018-01-01T00:00:00+01:00","relpermalink":"/publication/jimenez-2018-role/","section":"publication","summary":"","tags":null,"title":"The role of short-term weather conditions in temporal dynamics of fire regime features in mainland Spain","type":"publication"},{"authors":["Yago Martı́n","Marcos Rodrigues Mimbrero","María Zúñiga-Antón"],"categories":null,"content":"","date":1483225200,"expirydate":-62135596800,"kind":"page","lang":"en","lastmod":1483225200,"objectID":"434463f1f71f69af73d859af17687753","permalink":"/publication/martin-2017-community/","publishdate":"2017-01-01T00:00:00+01:00","relpermalink":"/publication/martin-2017-community/","section":"publication","summary":"","tags":null,"title":"Community vulnerability to hazards: Introducing local expert knowledge into the equation","type":"publication"},{"authors":[],"categories":null,"content":" Click on the Slides button above to view the built-in slides feature.\n  Slides can be added in a few ways:\n Create slides using Academic\u0026rsquo;s Slides feature and link using url_slides parameter in the front matter of the talk file Upload an existing slide deck to static/ and link using url_slides parameter in the front matter of the talk file Embed your slides (e.g. Google Slides) or presentation video on this page using shortcodes.  Further talk details can easily be added to this page using Markdown and $\\rm \\LaTeX$ math code.\n","date":1483225200,"expirydate":-62135596800,"kind":"page","lang":"en","lastmod":1483225200,"objectID":"96344c08df50a1b693cc40432115cbe3","permalink":"/talk/example/","publishdate":"2017-01-01T00:00:00+01:00","relpermalink":"/talk/example/","section":"talk","summary":"Lorem ipsum dolor sit amet, consectetur adipiscing elit. Duis posuere tellus ac convallis placerat. Proin tincidunt magna sed ex sollicitudin condimentum. Sed ac faucibus dolor, scelerisque sollicitudin nisi. Cras purus urna, suscipit quis sapien eu, pulvinar tempor diam.","tags":[],"title":"Example Talk","type":"talk"},{"authors":["Lucia Paci","Alan E Gelfand","Marı́a Asunción Beamonte","Marcos Rodrigues","Fernando Pérez-Cabello"],"categories":null,"content":"","date":1483225200,"expirydate":-62135596800,"kind":"page","lang":"en","lastmod":1483225200,"objectID":"e15a2ee32e34c81ddfd346dd6848df58","permalink":"/publication/paci-2017-space/","publishdate":"2017-01-01T00:00:00+01:00","relpermalink":"/publication/paci-2017-space/","section":"publication","summary":"","tags":null,"title":"Space-time modeling for post-fire vegetation recovery","type":"publication"},{"authors":["Adrián Jiménez-Ruano","Marcos Rodrigues Mimbrero","Juan de la Riva Fernández"],"categories":null,"content":"","date":1483225200,"expirydate":-62135596800,"kind":"page","lang":"en","lastmod":1483225200,"objectID":"3cd96a255e917ad6ffc1c35e85dbe095","permalink":"/publication/jimenez-2017-understanding/","publishdate":"2017-01-01T00:00:00+01:00","relpermalink":"/publication/jimenez-2017-understanding/","section":"publication","summary":"","tags":null,"title":"Understanding wildfires in mainland Spain. A comprehensive analysis of fire regime features in a climate-human context","type":"publication"},{"authors":null,"categories":null,"content":"","date":1461708000,"expirydate":-62135596800,"kind":"page","lang":"en","lastmod":1461708000,"objectID":"0f3156a1b6dfb7e13a8861024b5c6eba","permalink":"/project/clices/","publishdate":"2016-04-27T00:00:00+02:00","relpermalink":"/project/clices/","section":"project","summary":"El clima del último siglo en la España peninsular","tags":["Other"],"title":"CLICES","type":"project"},{"authors":null,"categories":null,"content":"","date":1461708000,"expirydate":-62135596800,"kind":"page","lang":"en","lastmod":1461708000,"objectID":"9509be877d9470b236fa8c3e93f19581","permalink":"/project/climark/","publishdate":"2016-04-27T00:00:00+02:00","relpermalink":"/project/climark/","section":"project","summary":"Forest management promotion for climate change mitigation through the design of a local market of climate credits","tags":["Forest management"],"title":"CLIMARK","type":"project"},{"authors":null,"categories":null,"content":"PROJECT GOAL The Fireglobe project aims to generate a system to predict and evaluate the risk of forest fires that can be applied at both the NATIONAL and GLOBAL scales through the use of remote sensing imagery and geographic information systems.\n","date":1461708000,"expirydate":-62135596800,"kind":"page","lang":"en","lastmod":1461708000,"objectID":"85d4255251bc9444acf8fd2fe9aa3ffe","permalink":"/project/fireglobe/","publishdate":"2016-04-27T00:00:00+02:00","relpermalink":"/project/fireglobe/","section":"project","summary":"Análisis de escenarios de riesgo de incendio a escala nacional y global","tags":["Fire risk"],"title":"FIREGLOBE","type":"project"},{"authors":null,"categories":null,"content":"Análisis integrado del riesgo de incendios forestales mediante Teledetección y Sistemas de Información Geográfica\n","date":1461708000,"expirydate":-62135596800,"kind":"page","lang":"en","lastmod":1461708000,"objectID":"7728d1291d7b6d3e73a7f87f1f54c6d3","permalink":"/project/firemap/","publishdate":"2016-04-27T00:00:00+02:00","relpermalink":"/project/firemap/","section":"project","summary":"Análisis integrado del riesgo de incendios forestales mediante Teledetección y Sistemas de Información Geográfica","tags":["Fire risk"],"title":"FIREMAP","type":"project"},{"authors":null,"categories":null,"content":"","date":1461708000,"expirydate":-62135596800,"kind":"page","lang":"en","lastmod":1461708000,"objectID":"bb96012b1cdb7ee1d65e165c366214ef","permalink":"/project/imagine/","publishdate":"2016-04-27T00:00:00+02:00","relpermalink":"/project/imagine/","section":"project","summary":"Integración multiescalar de modelos e imágenes como herramienta de gestión de la multifuncionalidad en sistemas agropastorales de montaña","tags":["Forest management"],"title":"IMAGINE","type":"project"},{"authors":null,"categories":null,"content":"Modelado de escenarios futuros de riesgo de incendios y cambios en la ocupación del suelo a escala nacional\n","date":1461708000,"expirydate":-62135596800,"kind":"page","lang":"en","lastmod":1461708000,"objectID":"dbdcac7511aa6938d4e799d1e3ee5385","permalink":"/project/pyrorama/","publishdate":"2016-04-27T00:00:00+02:00","relpermalink":"/project/pyrorama/","section":"project","summary":"Modelado de escenarios futuros de riesgo de incendios y cambios en la ocupación del suelo a escala nacional","tags":["Fire risk"],"title":"PYRORAMA","type":"project"},{"authors":null,"categories":null,"content":"PROJECT GOAL Build a model to estimate the post-fire regeneration after large fire. The aim is to analyze different patterns of regeneration at different levels of burn severity, using burned areas with comparable biophysical characteristics as study cases.\n","date":1461708000,"expirydate":-62135596800,"kind":"page","lang":"en","lastmod":1461708000,"objectID":"8371b8b6776d84793eb9f607c9adede8","permalink":"/project/sergisat/","publishdate":"2016-04-27T00:00:00+02:00","relpermalink":"/project/sergisat/","section":"project","summary":"Severidad y regeneración en grandes incendios forestales mediante teledetección","tags":["Forest management"],"title":"SERGISAT","type":"project"},{"authors":["Admin"],"categories":null,"content":" Academic makes it easy to create a beautiful website for free using Markdown. Customize anything on your site with widgets, themes, and language packs.\nFollow our easy step by step guide to learn how to build your own free website with Academic. Check out the personal demo or the business demo of what you\u0026rsquo;ll get in less than 10 minutes.\n View the documentation Ask a question Request a feature or report a bug Updating? View the Update Guide and Release Notes Support development of Academic:  Donate a coffee Become a backer on Patreon Decorate your laptop or journal with an Academic sticker Wear the T-shirt   \nKey features:\n Easily manage various content including homepage, blog posts, publications, talks, and projects Extensible via color themes and widgets/plugins Write in Markdown for easy formatting and code highlighting, with LaTeX for mathematical expressions Social/academic network linking, Google Analytics, and Disqus comments Responsive and mobile friendly Simple and refreshing one page design Multilingual and easy to customize  Color Themes Academic is available in different color themes and font themes.\n         Ecosystem  Academic Admin: An admin tool to import publications from BibTeX or import assets for an offline site Academic Scripts: Scripts to help migrate content to new versions of Academic  Install You can choose from one of the following four methods to install:\n one-click install using your web browser (recommended) install on your computer using Git with the Command Prompt/Terminal app install on your computer by downloading the ZIP files install on your computer with RStudio  Quick install using your web browser  Install Academic with Netlify  Netlify will provide you with a customizable URL to access your new site  On GitHub, go to your newly created academic-kickstart repository and edit config.toml to personalize your site. Shortly after saving the file, your site will automatically update Read the Quick Start Guide to learn how to add Markdown content. For inspiration, refer to the Markdown content which powers the Demo  Install with Git Prerequisites:\n Download and install Git Download and install Hugo   Fork the Academic Kickstart repository and clone your fork with Git:\ngit clone https://github.com/sourcethemes/academic-kickstart.git My_Website  Note that if you forked Academic Kickstart, the above command should be edited to clone your fork, i.e. replace sourcethemes with your GitHub username.\n Initialize the theme:\ncd My_Website git submodule update --init --recursive   Install with ZIP  Download and extract Academic Kickstart Download and extract the Academic theme to the themes/academic/ folder from the above step  Install with RStudio View the guide to installing Academic with RStudio\nQuick start  If you installed on your computer, view your new website by running the following command:\nhugo server  Now visit localhost:1313 and your new Academic powered website will appear. Otherwise, if using Netlify, they will provide you with your URL.\n Read the Quick Start Guide to learn how to add Markdown content, customize your site, and deploy it. For inspiration, refer to the Markdown content which powers the Demo\n Build your site by running the hugo command. Then host it for free using Github Pages or Netlify (refer to the first installation method). Alternatively, copy the generated public/ directory (by FTP, Rsync, etc.) to your production web server (such as a university\u0026rsquo;s hosting service).\n  Updating Feel free to star the project on Github to help keep track of updates and check out the release notes prior to updating your site.\nBefore updating the framework, it is recommended to make a backup of your entire website directory (or at least your themes/academic directory) and record your current version number.\nBy default, Academic is installed as a Git submodule which can be updated by running the following command:\ngit submodule update --remote --merge  Check out the update guide for full instructions and alternative methods.\nFeedback \u0026amp; Contributing Please use the issue tracker to let me know about any bugs or feature requests, or alternatively make a pull request.\nFor support, head over to the Hugo discussion forum.\nLicense Copyright 2016-present George Cushen.\nReleased under the MIT license.\n","date":1461103200,"expirydate":-62135596800,"kind":"page","lang":"en","lastmod":1515798000,"objectID":"279b9966ca9cf3121ce924dca452bb1c","permalink":"/post/getting-started/","publishdate":"2016-04-20T00:00:00+02:00","relpermalink":"/post/getting-started/","section":"post","summary":"Create a beautifully simple website or blog in under 10 minutes.","tags":["Academic"],"title":"Academic: the website designer for Hugo","type":"post"},{"authors":["Marcos Rodrigues","Adrián Jiménez","Juan de la Riva"],"categories":null,"content":"","date":1451602800,"expirydate":-62135596800,"kind":"page","lang":"en","lastmod":1451602800,"objectID":"6ae99b08b5bb280ea81f9d347943b210","permalink":"/publication/rodrigues-2016-analysis/","publishdate":"2016-01-01T00:00:00+01:00","relpermalink":"/publication/rodrigues-2016-analysis/","section":"publication","summary":"","tags":null,"title":"Analysis of recent spatial--temporal evolution of human driving factors of wildfires in Spain","type":"publication"},{"authors":["Ariñe Crespo","Marcos Rodrigues","Ibon Telletxea","Rubén Ibáñez","Felipe Dı́ez","Joseba F Tobar","Juan Arizaga"],"categories":null,"content":"","date":1451602800,"expirydate":-62135596800,"kind":"page","lang":"en","lastmod":1451602800,"objectID":"8e150b5f0767de44e980447af0c102a3","permalink":"/publication/crespo-2016-no/","publishdate":"2016-01-01T00:00:00+01:00","relpermalink":"/publication/crespo-2016-no/","section":"publication","summary":"","tags":null,"title":"No habitat selection during spring migration at a meso-scale range across mosaic landscapes: A case study with the woodcock (Scolopax rusticola)","type":"publication"},{"authors":null,"categories":["R"],"content":"\rR Markdown\rThis is an R Markdown document. Markdown is a simple formatting syntax for authoring HTML, PDF, and MS Word documents. For more details on using R Markdown see http://rmarkdown.rstudio.com.\nYou can embed an R code chunk like this:\nsummary(cars)\r## speed dist ## Min. : 4.0 Min. : 2.00 ## 1st Qu.:12.0 1st Qu.: 26.00 ## Median :15.0 Median : 36.00 ## Mean :15.4 Mean : 42.98 ## 3rd Qu.:19.0 3rd Qu.: 56.00 ## Max. :25.0 Max. :120.00\rfit \u0026lt;- lm(dist ~ speed, data = cars)\rfit\r## ## Call:\r## lm(formula = dist ~ speed, data = cars)\r## ## Coefficients:\r## (Intercept) speed ## -17.579 3.932\r\rIncluding Plots\rYou can also embed plots. See Figure 1 for example:\npar(mar = c(0, 1, 0, 1))\rpie(\rc(280, 60, 20),\rc(\u0026#39;Sky\u0026#39;, \u0026#39;Sunny side of pyramid\u0026#39;, \u0026#39;Shady side of pyramid\u0026#39;),\rcol = c(\u0026#39;#0292D8\u0026#39;, \u0026#39;#F7EA39\u0026#39;, \u0026#39;#C4B632\u0026#39;),\rinit.angle = -50, border = NA\r)\r\rFigure 1: A fancy pie chart.\r\r\r","date":1437703994,"expirydate":-62135596800,"kind":"page","lang":"en","lastmod":1437703994,"objectID":"10065deaa3098b0da91b78b48d0efc71","permalink":"/post/2015-07-23-r-rmarkdown/","publishdate":"2015-07-23T21:13:14-05:00","relpermalink":"/post/2015-07-23-r-rmarkdown/","section":"post","summary":"R Markdown\rThis is an R Markdown document. Markdown is a simple formatting syntax for authoring HTML, PDF, and MS Word documents. For more details on using R Markdown see http://rmarkdown.rstudio.com.\nYou can embed an R code chunk like this:\nsummary(cars)\r## speed dist ## Min. : 4.0 Min. : 2.00 ## 1st Qu.:12.0 1st Qu.: 26.00 ## Median :15.0 Median : 36.00 ## Mean :15.4 Mean : 42.98 ## 3rd Qu.","tags":["R Markdown","plot","regression"],"title":"Hello R Markdown","type":"post"},{"authors":["D Borini Alves","F Pérez-Cabello","M Rodrigues Mimbrero"],"categories":null,"content":"","date":1420066800,"expirydate":-62135596800,"kind":"page","lang":"en","lastmod":1420066800,"objectID":"bdb7ad2ecc196c5cc4221dd370480a49","permalink":"/publication/borini-2015-land/","publishdate":"2015-01-01T00:00:00+01:00","relpermalink":"/publication/borini-2015-land/","section":"publication","summary":"","tags":null,"title":"Land-use and land-cover dynamics monitored by NDVI multitemporal analysis in a selected southern Amazonian area (Brazil) for the last three decades","type":"publication"},{"authors":["Marcos Rodrigues","Paloma Ibarra","Maite Echeverrı́a","Fernando Perez-Cabello","Juan de la Riva"],"categories":null,"content":"","date":1388530800,"expirydate":-62135596800,"kind":"page","lang":"en","lastmod":1388530800,"objectID":"cfc8f56892d55882bc12aea69340e0fd","permalink":"/publication/rodrigues-2014-method/","publishdate":"2014-01-01T00:00:00+01:00","relpermalink":"/publication/rodrigues-2014-method/","section":"publication","summary":"","tags":null,"title":"A method for regional-scale assessment of vegetation recovery time after high-severity wildfires: Case study of Spain","type":"publication"},{"authors":["Marcos Rodrigues","Juan de la Riva"],"categories":null,"content":"","date":1388530800,"expirydate":-62135596800,"kind":"page","lang":"en","lastmod":1388530800,"objectID":"05e4252bc2ec7331f0add2dbc7c3c136","permalink":"/publication/rodrigues-2014-insight/","publishdate":"2014-01-01T00:00:00+01:00","relpermalink":"/publication/rodrigues-2014-insight/","section":"publication","summary":"","tags":null,"title":"An insight into machine-learning algorithms to model human-caused wildfire occurrence","type":"publication"},{"authors":["Lidia Vlassova","Fernando Pérez-Cabello","Marcos Rodrigues Mimbrero","Raquel Montorio Lloverı́a","́ Alberto García-Martín"],"categories":null,"content":"","date":1388530800,"expirydate":-62135596800,"kind":"page","lang":"en","lastmod":1388530800,"objectID":"942ae1b4bd3a52cd27e6091bb6908454","permalink":"/publication/vlassova-2014-analysis/","publishdate":"2014-01-01T00:00:00+01:00","relpermalink":"/publication/vlassova-2014-analysis/","section":"publication","summary":"","tags":null,"title":"Analysis of the relationship between land surface temperature and wildfire severity in a series of Landsat images","type":"publication"},{"authors":["Marcos Rodrigues","Juan de la Riva"],"categories":null,"content":"","date":1388530800,"expirydate":-62135596800,"kind":"page","lang":"en","lastmod":1388530800,"objectID":"fba8b62d5e86c6f6858b62fee7d5746c","permalink":"/publication/rodrigues-2014-assessing/","publishdate":"2014-01-01T00:00:00+01:00","relpermalink":"/publication/rodrigues-2014-assessing/","section":"publication","summary":"","tags":null,"title":"Assessing the effect on fire risk modeling of the uncertainty in the location and cause of forest fires","type":"publication"},{"authors":["Emilio Chuvieco","Inmaculada Aguado","Sara Jurdao","M Lucrecia Pettinari","Marta Yebra","Javier Salas","Stjin Hantson","Juan de la Riva","Paloma Ibarra","Marcos Rodrigues"," others"],"categories":null,"content":"","date":1388530800,"expirydate":-62135596800,"kind":"page","lang":"en","lastmod":1388530800,"objectID":"601558b6d1f174959b6e1d251101a024","permalink":"/publication/chuvieco-2014-integrating/","publishdate":"2014-01-01T00:00:00+01:00","relpermalink":"/publication/chuvieco-2014-integrating/","section":"publication","summary":"","tags":null,"title":"Integrating geospatial information into fire risk assessment","type":"publication"},{"authors":["Marcos Rodrigues","Juan de la Riva","Stewart Fotheringham"],"categories":null,"content":"","date":1388530800,"expirydate":-62135596800,"kind":"page","lang":"en","lastmod":1388530800,"objectID":"cb5aa32c1cf61c6c1007e03e421cda72","permalink":"/publication/rodrigues-2014-modeling/","publishdate":"2014-01-01T00:00:00+01:00","relpermalink":"/publication/rodrigues-2014-modeling/","section":"publication","summary":"","tags":null,"title":"Modeling the spatial variation of the explanatory factors of human-caused wildfires in Spain using geographically weighted logistic regression","type":"publication"},{"authors":["Marcos Rodrigues","Jesús San Miguel","Sandra Oliveira","Francisco Moreira","Andrea Camia"],"categories":null,"content":"","date":1356994800,"expirydate":-62135596800,"kind":"page","lang":"en","lastmod":1356994800,"objectID":"55bdcfd7cdfbdcfe2a43bd4143d3d17a","permalink":"/publication/rodrigues-2013-insight/","publishdate":"2013-01-01T00:00:00+01:00","relpermalink":"/publication/rodrigues-2013-insight/","section":"publication","summary":"","tags":null,"title":"An insight into spatial-temporal trends of fire ignitions and burned areas in the European Mediterranean countries","type":"publication"},{"authors":["Marıía Victoria Román","Diego Azqueta","Marcos Rodrigues"],"categories":null,"content":"","date":1356994800,"expirydate":-62135596800,"kind":"page","lang":"en","lastmod":1356994800,"objectID":"b16a24d1f11f35440c3699457fb9074f","permalink":"/publication/roman-2013-methodological/","publishdate":"2013-01-01T00:00:00+01:00","relpermalink":"/publication/roman-2013-methodological/","section":"publication","summary":"","tags":null,"title":"Methodological approach to assess the socio-economic vulnerability to wildfires in Spain","type":"publication"},{"authors":["Jesús San-Miguel-Ayanz","Marcos Rodrigues","Sandra Santos de Oliveira","Claudia Kemper Pacheco","Francisco Moreira","Beatriz Duguy","Andrea Camia"],"categories":null,"content":"","date":1325372400,"expirydate":-62135596800,"kind":"page","lang":"en","lastmod":1325372400,"objectID":"c5c730087c546ca606413e0cbb02746e","permalink":"/publication/san-2012-land/","publishdate":"2012-01-01T00:00:00+01:00","relpermalink":"/publication/san-2012-land/","section":"publication","summary":"","tags":null,"title":"Land cover change and fire regime in the European Mediterranean region","type":"publication"},{"authors":["Antonio Gómez","Marcos Rodrigues","Carlos Montañés","César Dopazo","Norberto Fueyo"],"categories":null,"content":"","date":1293836400,"expirydate":-62135596800,"kind":"page","lang":"en","lastmod":1293836400,"objectID":"36ecd01e75a4c4f984514a69b60a4169","permalink":"/publication/gomez-2011-technical/","publishdate":"2011-01-01T00:00:00+01:00","relpermalink":"/publication/gomez-2011-technical/","section":"publication","summary":"","tags":null,"title":"The technical potential of first-generation biofuels obtained from energy crops in Spain","type":"publication"},{"authors":["Norberto Fueyo","Yosune Sanz","Marcos Rodrigues","Carlos Montañés","César Dopazo"],"categories":null,"content":"","date":1293836400,"expirydate":-62135596800,"kind":"page","lang":"en","lastmod":1293836400,"objectID":"863af32db81ab8fe441f90f26d33da5d","permalink":"/publication/fueyo-2011-use/","publishdate":"2011-01-01T00:00:00+01:00","relpermalink":"/publication/fueyo-2011-use/","section":"publication","summary":"","tags":null,"title":"The use of cost-generation curves for the analysis of wind electricity costs in Spain","type":"publication"},{"authors":["Marcos Rodrigues","Carlos Montañés","Norberto Fueyo"],"categories":null,"content":"","date":1262300400,"expirydate":-62135596800,"kind":"page","lang":"en","lastmod":1262300400,"objectID":"bb375e3e64d8afb27b72c8943b47fb46","permalink":"/publication/rodrigues-2010-method/","publishdate":"2010-01-01T00:00:00+01:00","relpermalink":"/publication/rodrigues-2010-method/","section":"publication","summary":"","tags":null,"title":"A method for the assessment of the visual impact caused by the large-scale deployment of renewable-energy facilities","type":"publication"},{"authors":["Antonio Gómez","Javier Zubizarreta","Marcos Rodrigues","César Dopazo","Norberto Fueyo"],"categories":null,"content":"","date":1262300400,"expirydate":-62135596800,"kind":"page","lang":"en","lastmod":1262300400,"objectID":"97772c23b13cd4c40e0eb0a4b68e9684","permalink":"/publication/gomez-2010-estimation/","publishdate":"2010-01-01T00:00:00+01:00","relpermalink":"/publication/gomez-2010-estimation/","section":"publication","summary":"","tags":null,"title":"An estimation of the energy potential of agro-industrial residues in Spain","type":"publication"},{"authors":["Norberto Fueyo","Yosune Sanz","Marcos Rodrigues","Carlos Montañés","César Dopazo"],"categories":null,"content":"","date":1262300400,"expirydate":-62135596800,"kind":"page","lang":"en","lastmod":1262300400,"objectID":"d737ade1c170c6d723d4118658d49569","permalink":"/publication/fueyo-2010-high/","publishdate":"2010-01-01T00:00:00+01:00","relpermalink":"/publication/fueyo-2010-high/","section":"publication","summary":"","tags":null,"title":"High resolution modelling of the on-shore technical wind energy potential in Spain","type":"publication"},{"authors":["Antonio Gómez","Javier Zubizarreta","Marcos Rodrigues","César Dopazo","Norberto Fueyo"],"categories":null,"content":"","date":1262300400,"expirydate":-62135596800,"kind":"page","lang":"en","lastmod":1262300400,"objectID":"e615f86a0a64fab669570d62191c8f01","permalink":"/publication/gomez-2010-potential/","publishdate":"2010-01-01T00:00:00+01:00","relpermalink":"/publication/gomez-2010-potential/","section":"publication","summary":"","tags":null,"title":"Potential and cost of electricity generation from human and animal waste in Spain","type":"publication"},{"authors":["Salvador Izquierdo","Marcos Rodrigues","Norberto Fueyo"],"categories":null,"content":"","date":1199142000,"expirydate":-62135596800,"kind":"page","lang":"en","lastmod":1199142000,"objectID":"9376b1909b6580455539dcb004e599ea","permalink":"/publication/izquierdo-2008-method/","publishdate":"2008-01-01T00:00:00+01:00","relpermalink":"/publication/izquierdo-2008-method/","section":"publication","summary":"","tags":null,"title":"A method for estimating the geographical distribution of the available roof surface area for large-scale photovoltaic energy-potential evaluations","type":"publication"},{"authors":null,"categories":null,"content":" Welcome to Slides Academic\nFeatures  Efficiently write slides in Markdown 3-in-1: Create, Present, and Publish your slides Supports speaker notes Mobile friendly slides  Controls  Next: Right Arrow or Space Previous: Left Arrow Start: Home Finish: End Overview: Esc Speaker notes: S Fullscreen: F Zoom: Alt + Click PDF Export: E  Code Highlighting Inline code: variable\nCode block:\nporridge = \u0026quot;blueberry\u0026quot; if porridge == \u0026quot;blueberry\u0026quot;: print(\u0026quot;Eating...\u0026quot;)  Math In-line math: $x + y = z$\nBlock math:\n$$ f\\left( x \\right) = \\;\\frac{{2\\left( {x + 4} \\right)\\left( {x - 4} \\right)}}{{\\left( {x + 4} \\right)\\left( {x + 1} \\right)}} $$\nFragments Make content appear incrementally\n{{% fragment %}} One {{% /fragment %}} {{% fragment %}} **Two** {{% /fragment %}} {{% fragment %}} Three {{% /fragment %}}  Press Space to play!\nOne  Two  Three \nA fragment can accept two optional parameters:\n class: use a custom style (requires definition in custom CSS) weight: sets the order in which a fragment appears  Speaker Notes Add speaker notes to your presentation\n{{% speaker_note %}} - Only the speaker can read these notes - Press `S` key to view {{% /speaker_note %}}  Press the S key to view the speaker notes!\n Only the speaker can read these notes Press S key to view   Themes  black: Black background, white text, blue links (default) white: White background, black text, blue links league: Gray background, white text, blue links beige: Beige background, dark text, brown links sky: Blue background, thin dark text, blue links   night: Black background, thick white text, orange links serif: Cappuccino background, gray text, brown links simple: White background, black text, blue links solarized: Cream-colored background, dark green text, blue links  Custom Slide Customize the slide style and background\n{{\u0026lt; slide background-image=\u0026quot;/img/boards.jpg\u0026quot; \u0026gt;}} {{\u0026lt; slide background-color=\u0026quot;#0000FF\u0026quot; \u0026gt;}} {{\u0026lt; slide class=\u0026quot;my-style\u0026quot; \u0026gt;}}  Custom CSS Example Let\u0026rsquo;s make headers navy colored.\nCreate assets/css/reveal_custom.css with:\n.reveal section h1, .reveal section h2, .reveal section h3 { color: navy; }  Questions? Ask\nDocumentation\n","date":-62135596800,"expirydate":-62135596800,"kind":"page","lang":"en","lastmod":-62135596800,"objectID":"c2915ec5da95791851caafdcba9664af","permalink":"/slides/example-slides/","publishdate":"0001-01-01T00:00:00Z","relpermalink":"/slides/example-slides/","section":"slides","summary":"Welcome to Slides Academic\nFeatures  Efficiently write slides in Markdown 3-in-1: Create, Present, and Publish your slides Supports speaker notes Mobile friendly slides  Controls  Next: Right Arrow or Space Previous: Left Arrow Start: Home Finish: End Overview: Esc Speaker notes: S Fullscreen: F Zoom: Alt + Click PDF Export: E  Code Highlighting Inline code: variable\nCode block:\nporridge = \u0026quot;blueberry\u0026quot; if porridge == \u0026quot;blueberry\u0026quot;: print(\u0026quot;Eating...\u0026quot;)  Math In-line math: $x + y = z$","tags":null,"title":"Slides","type":"slides"}]