<?xml version="1.0" encoding="utf-8" standalone="yes" ?>
<rss version="2.0" xmlns:atom="http://www.w3.org/2005/Atom">
  <channel>
    <title>Marcos Rodrigues on Marcos Rodrigues</title>
    <link>/</link>
    <description>Recent content in Marcos Rodrigues on Marcos Rodrigues</description>
    <generator>Hugo -- gohugo.io</generator>
    <language>en-us</language>
    <lastBuildDate>Sun, 15 Oct 2017 00:00:00 +0200</lastBuildDate>
    <atom:link href="/" rel="self" type="application/rss+xml" />
    
    <item>
      <title>Identifying wildfire-prone atmospheric circulation weather types on mainland Spain</title>
      <link>/publication/rodrigues-2019-identifying/</link>
      <pubDate>Tue, 01 Jan 2019 00:00:00 +0100</pubDate>
      
      <guid>/publication/rodrigues-2019-identifying/</guid>
      <description></description>
    </item>
    
    <item>
      <title>Modelling temporal variation of fire-occurrence towards the dynamic prediction of human wildfire ignition danger in northeast Spain</title>
      <link>/publication/martin-2019-modelling/</link>
      <pubDate>Tue, 01 Jan 2019 00:00:00 +0100</pubDate>
      
      <guid>/publication/martin-2019-modelling/</guid>
      <description></description>
    </item>
    
    <item>
      <title>Example Page</title>
      <link>/tutorial/example/</link>
      <pubDate>Sun, 09 Sep 2018 00:00:00 +0200</pubDate>
      
      <guid>/tutorial/example/</guid>
      <description>

&lt;p&gt;In this tutorial, I&amp;rsquo;ll share my top 10 tips for getting started with Academic:&lt;/p&gt;

&lt;h2 id=&#34;tip-1&#34;&gt;Tip 1&lt;/h2&gt;

&lt;p&gt;&amp;hellip;&lt;/p&gt;

&lt;h2 id=&#34;tip-2&#34;&gt;Tip 2&lt;/h2&gt;

&lt;p&gt;&amp;hellip;&lt;/p&gt;
</description>
    </item>
    
    <item>
      <title>Privacy Policy</title>
      <link>/privacy/</link>
      <pubDate>Thu, 28 Jun 2018 00:00:00 +0200</pubDate>
      
      <guid>/privacy/</guid>
      <description>&lt;p&gt;&amp;hellip;&lt;/p&gt;
</description>
    </item>
    
    <item>
      <title>A comprehensive spatial-temporal analysis of driving factors of human-caused wildfires in Spain using Geographically Weighted Logistic Regression</title>
      <link>/publication/rodrigues-2018-comprehensive/</link>
      <pubDate>Mon, 01 Jan 2018 00:00:00 +0100</pubDate>
      
      <guid>/publication/rodrigues-2018-comprehensive/</guid>
      <description></description>
    </item>
    
    <item>
      <title>Accuracy assessment of the latest generations of MODIS burned area products for mapping fire scars on a regional scale over Campos Amazônicos Savanna Enclave (Brazilian Amazon)</title>
      <link>/publication/alves-2018-accuracy/</link>
      <pubDate>Mon, 01 Jan 2018 00:00:00 +0100</pubDate>
      
      <guid>/publication/alves-2018-accuracy/</guid>
      <description></description>
    </item>
    
    <item>
      <title>The role of short-term weather conditions in temporal dynamics of fire regime features in mainland Spain</title>
      <link>/publication/jimenez-2018-role/</link>
      <pubDate>Mon, 01 Jan 2018 00:00:00 +0100</pubDate>
      
      <guid>/publication/jimenez-2018-role/</guid>
      <description></description>
    </item>
    
    <item>
      <title>Community vulnerability to hazards: Introducing local expert knowledge into the equation</title>
      <link>/publication/martin-2017-community/</link>
      <pubDate>Sun, 01 Jan 2017 00:00:00 +0100</pubDate>
      
      <guid>/publication/martin-2017-community/</guid>
      <description></description>
    </item>
    
    <item>
      <title>Example Talk</title>
      <link>/talk/example/</link>
      <pubDate>Sun, 01 Jan 2017 00:00:00 +0100</pubDate>
      
      <guid>/talk/example/</guid>
      <description>&lt;div class=&#34;alert alert-note&#34;&gt;
  &lt;div&gt;
    &lt;p&gt;Click on the &lt;strong&gt;Slides&lt;/strong&gt; button above to view the built-in slides feature.&lt;/p&gt;

  &lt;/div&gt;
&lt;/div&gt;


&lt;p&gt;Slides can be added in a few ways:&lt;/p&gt;

&lt;ul&gt;
&lt;li&gt;&lt;strong&gt;Create&lt;/strong&gt; slides using Academic&amp;rsquo;s &lt;em&gt;Slides&lt;/em&gt; feature and link using &lt;code&gt;url_slides&lt;/code&gt; parameter in the front matter of the talk file&lt;/li&gt;
&lt;li&gt;&lt;strong&gt;Upload&lt;/strong&gt; an existing slide deck to &lt;code&gt;static/&lt;/code&gt; and link using &lt;code&gt;url_slides&lt;/code&gt; parameter in the front matter of the talk file&lt;/li&gt;
&lt;li&gt;&lt;strong&gt;Embed&lt;/strong&gt; your slides (e.g. Google Slides) or presentation video on this page using &lt;a href=&#34;https://sourcethemes.com/academic/docs/writing-markdown-latex/&#34; target=&#34;_blank&#34;&gt;shortcodes&lt;/a&gt;.&lt;/li&gt;
&lt;/ul&gt;

&lt;p&gt;Further talk details can easily be added to this page using &lt;em&gt;Markdown&lt;/em&gt; and $\rm \LaTeX$ math code.&lt;/p&gt;
</description>
    </item>
    
    <item>
      <title>Space-time modeling for post-fire vegetation recovery</title>
      <link>/publication/paci-2017-space/</link>
      <pubDate>Sun, 01 Jan 2017 00:00:00 +0100</pubDate>
      
      <guid>/publication/paci-2017-space/</guid>
      <description></description>
    </item>
    
    <item>
      <title>Understanding wildfires in mainland Spain. A comprehensive analysis of fire regime features in a climate-human context</title>
      <link>/publication/jimenez-2017-understanding/</link>
      <pubDate>Sun, 01 Jan 2017 00:00:00 +0100</pubDate>
      
      <guid>/publication/jimenez-2017-understanding/</guid>
      <description></description>
    </item>
    
    <item>
      <title>CLICES</title>
      <link>/project/clices/</link>
      <pubDate>Wed, 27 Apr 2016 00:00:00 +0200</pubDate>
      
      <guid>/project/clices/</guid>
      <description></description>
    </item>
    
    <item>
      <title>CLIMARK</title>
      <link>/project/climark/</link>
      <pubDate>Wed, 27 Apr 2016 00:00:00 +0200</pubDate>
      
      <guid>/project/climark/</guid>
      <description></description>
    </item>
    
    <item>
      <title>FIREGLOBE</title>
      <link>/project/fireglobe/</link>
      <pubDate>Wed, 27 Apr 2016 00:00:00 +0200</pubDate>
      
      <guid>/project/fireglobe/</guid>
      <description>&lt;p&gt;PROJECT GOAL
The Fireglobe project aims to generate a system to predict and evaluate the risk of forest fires that can be applied at both the NATIONAL and GLOBAL scales through the use of remote sensing imagery and geographic information systems.&lt;/p&gt;
</description>
    </item>
    
    <item>
      <title>FIREMAP</title>
      <link>/project/firemap/</link>
      <pubDate>Wed, 27 Apr 2016 00:00:00 +0200</pubDate>
      
      <guid>/project/firemap/</guid>
      <description>&lt;p&gt;Análisis integrado del riesgo de incendios forestales mediante Teledetección y Sistemas de Información Geográfica&lt;/p&gt;
</description>
    </item>
    
  </channel>
</rss>
