<?xml version="1.0" encoding="utf-8" standalone="yes" ?>
<rss version="2.0" xmlns:atom="http://www.w3.org/2005/Atom">
  <channel>
    <title>Authors on Marcos Rodrigues</title>
    <link>/authors/</link>
    <description>Recent content in Authors on Marcos Rodrigues</description>
    <generator>Hugo -- gohugo.io</generator>
    <language>en-us</language>
    <lastBuildDate>Wed, 01 Jan 2014 00:00:00 +0100</lastBuildDate>
    
	<atom:link href="/authors/index.xml" rel="self" type="application/rss+xml" />
    
    
    <item>
      <title> others</title>
      <link>/authors/others/</link>
      <pubDate>Wed, 01 Jan 2014 00:00:00 +0100</pubDate>
      
      <guid>/authors/others/</guid>
      <description></description>
    </item>
    
    <item>
      <title>Admin</title>
      <link>/authors/admin/</link>
      <pubDate>Wed, 20 Apr 2016 00:00:00 +0200</pubDate>
      
      <guid>/authors/admin/</guid>
      <description></description>
    </item>
    
    <item>
      <title>Adrián Jiménez</title>
      <link>/authors/adri%C3%A1n-jim%C3%A9nez/</link>
      <pubDate>Fri, 01 Jan 2016 00:00:00 +0100</pubDate>
      
      <guid>/authors/adri%C3%A1n-jim%C3%A9nez/</guid>
      <description></description>
    </item>
    
    <item>
      <title>Adrián Jiménez-Ruano</title>
      <link>/authors/adri%C3%A1n-jim%C3%A9nez-ruano/</link>
      <pubDate>Tue, 01 Jan 2019 00:00:00 +0100</pubDate>
      
      <guid>/authors/adri%C3%A1n-jim%C3%A9nez-ruano/</guid>
      <description></description>
    </item>
    
    <item>
      <title>Alan E Gelfand</title>
      <link>/authors/alan-e-gelfand/</link>
      <pubDate>Sun, 01 Jan 2017 00:00:00 +0100</pubDate>
      
      <guid>/authors/alan-e-gelfand/</guid>
      <description></description>
    </item>
    
    <item>
      <title>Andrea Camia</title>
      <link>/authors/andrea-camia/</link>
      <pubDate>Tue, 01 Jan 2013 00:00:00 +0100</pubDate>
      
      <guid>/authors/andrea-camia/</guid>
      <description></description>
    </item>
    
    <item>
      <title>Antonio Gómez</title>
      <link>/authors/antonio-g%C3%B3mez/</link>
      <pubDate>Sat, 01 Jan 2011 00:00:00 +0100</pubDate>
      
      <guid>/authors/antonio-g%C3%B3mez/</guid>
      <description></description>
    </item>
    
    <item>
      <title>Ariñe Crespo</title>
      <link>/authors/ari%C3%B1e-crespo/</link>
      <pubDate>Fri, 01 Jan 2016 00:00:00 +0100</pubDate>
      
      <guid>/authors/ari%C3%B1e-crespo/</guid>
      <description></description>
    </item>
    
    <item>
      <title>Beatriz Duguy</title>
      <link>/authors/beatriz-duguy/</link>
      <pubDate>Sun, 01 Jan 2012 00:00:00 +0100</pubDate>
      
      <guid>/authors/beatriz-duguy/</guid>
      <description></description>
    </item>
    
    <item>
      <title>Carlos Montañés</title>
      <link>/authors/carlos-monta%C3%B1%C3%A9s/</link>
      <pubDate>Sat, 01 Jan 2011 00:00:00 +0100</pubDate>
      
      <guid>/authors/carlos-monta%C3%B1%C3%A9s/</guid>
      <description></description>
    </item>
    
    <item>
      <title>Claudia Kemper Pacheco</title>
      <link>/authors/claudia-kemper-pacheco/</link>
      <pubDate>Sun, 01 Jan 2012 00:00:00 +0100</pubDate>
      
      <guid>/authors/claudia-kemper-pacheco/</guid>
      <description></description>
    </item>
    
    <item>
      <title>César Dopazo</title>
      <link>/authors/c%C3%A9sar-dopazo/</link>
      <pubDate>Sat, 01 Jan 2011 00:00:00 +0100</pubDate>
      
      <guid>/authors/c%C3%A9sar-dopazo/</guid>
      <description></description>
    </item>
    
    <item>
      <title>D Borini Alves</title>
      <link>/authors/d-borini-alves/</link>
      <pubDate>Thu, 01 Jan 2015 00:00:00 +0100</pubDate>
      
      <guid>/authors/d-borini-alves/</guid>
      <description></description>
    </item>
    
    <item>
      <title>Daniel Borini Alves</title>
      <link>/authors/daniel-borini-alves/</link>
      <pubDate>Mon, 01 Jan 2018 00:00:00 +0100</pubDate>
      
      <guid>/authors/daniel-borini-alves/</guid>
      <description></description>
    </item>
    
    <item>
      <title>Dhais Peña-Angulo</title>
      <link>/authors/dhais-pe%C3%B1a-angulo/</link>
      <pubDate>Tue, 01 Jan 2019 00:00:00 +0100</pubDate>
      
      <guid>/authors/dhais-pe%C3%B1a-angulo/</guid>
      <description></description>
    </item>
    
    <item>
      <title>Diego Azqueta</title>
      <link>/authors/diego-azqueta/</link>
      <pubDate>Tue, 01 Jan 2013 00:00:00 +0100</pubDate>
      
      <guid>/authors/diego-azqueta/</guid>
      <description></description>
    </item>
    
    <item>
      <title>Emilio Chuvieco</title>
      <link>/authors/emilio-chuvieco/</link>
      <pubDate>Wed, 01 Jan 2014 00:00:00 +0100</pubDate>
      
      <guid>/authors/emilio-chuvieco/</guid>
      <description></description>
    </item>
    
    <item>
      <title>F Pérez-Cabello</title>
      <link>/authors/f-p%C3%A9rez-cabello/</link>
      <pubDate>Thu, 01 Jan 2015 00:00:00 +0100</pubDate>
      
      <guid>/authors/f-p%C3%A9rez-cabello/</guid>
      <description></description>
    </item>
    
    <item>
      <title>Felipe Dı́ez</title>
      <link>/authors/felipe-d%C4%B1%CC%81ez/</link>
      <pubDate>Fri, 01 Jan 2016 00:00:00 +0100</pubDate>
      
      <guid>/authors/felipe-d%C4%B1%CC%81ez/</guid>
      <description></description>
    </item>
    
    <item>
      <title>Fernando Perez-Cabello</title>
      <link>/authors/fernando-perez-cabello/</link>
      <pubDate>Wed, 01 Jan 2014 00:00:00 +0100</pubDate>
      
      <guid>/authors/fernando-perez-cabello/</guid>
      <description></description>
    </item>
    
    <item>
      <title>Fernando Pérez-Cabello</title>
      <link>/authors/fernando-p%C3%A9rez-cabello/</link>
      <pubDate>Mon, 01 Jan 2018 00:00:00 +0100</pubDate>
      
      <guid>/authors/fernando-p%C3%A9rez-cabello/</guid>
      <description></description>
    </item>
    
    <item>
      <title>Francisco Moreira</title>
      <link>/authors/francisco-moreira/</link>
      <pubDate>Tue, 01 Jan 2013 00:00:00 +0100</pubDate>
      
      <guid>/authors/francisco-moreira/</guid>
      <description></description>
    </item>
    
    <item>
      <title>Ibon Telletxea</title>
      <link>/authors/ibon-telletxea/</link>
      <pubDate>Fri, 01 Jan 2016 00:00:00 +0100</pubDate>
      
      <guid>/authors/ibon-telletxea/</guid>
      <description></description>
    </item>
    
    <item>
      <title>Inmaculada Aguado</title>
      <link>/authors/inmaculada-aguado/</link>
      <pubDate>Wed, 01 Jan 2014 00:00:00 +0100</pubDate>
      
      <guid>/authors/inmaculada-aguado/</guid>
      <description></description>
    </item>
    
    <item>
      <title>Javier Salas</title>
      <link>/authors/javier-salas/</link>
      <pubDate>Wed, 01 Jan 2014 00:00:00 +0100</pubDate>
      
      <guid>/authors/javier-salas/</guid>
      <description></description>
    </item>
    
    <item>
      <title>Javier Zubizarreta</title>
      <link>/authors/javier-zubizarreta/</link>
      <pubDate>Fri, 01 Jan 2010 00:00:00 +0100</pubDate>
      
      <guid>/authors/javier-zubizarreta/</guid>
      <description></description>
    </item>
    
    <item>
      <title>Jesús San Miguel</title>
      <link>/authors/jes%C3%BAs-san-miguel/</link>
      <pubDate>Tue, 01 Jan 2013 00:00:00 +0100</pubDate>
      
      <guid>/authors/jes%C3%BAs-san-miguel/</guid>
      <description></description>
    </item>
    
    <item>
      <title>Jesús San-Miguel-Ayanz</title>
      <link>/authors/jes%C3%BAs-san-miguel-ayanz/</link>
      <pubDate>Sun, 01 Jan 2012 00:00:00 +0100</pubDate>
      
      <guid>/authors/jes%C3%BAs-san-miguel-ayanz/</guid>
      <description></description>
    </item>
    
    <item>
      <title>Joseba F Tobar</title>
      <link>/authors/joseba-f-tobar/</link>
      <pubDate>Fri, 01 Jan 2016 00:00:00 +0100</pubDate>
      
      <guid>/authors/joseba-f-tobar/</guid>
      <description></description>
    </item>
    
    <item>
      <title>José Carlos González-Hidalgo</title>
      <link>/authors/jos%C3%A9-carlos-gonz%C3%A1lez-hidalgo/</link>
      <pubDate>Tue, 01 Jan 2019 00:00:00 +0100</pubDate>
      
      <guid>/authors/jos%C3%A9-carlos-gonz%C3%A1lez-hidalgo/</guid>
      <description></description>
    </item>
    
    <item>
      <title>Juan Arizaga</title>
      <link>/authors/juan-arizaga/</link>
      <pubDate>Fri, 01 Jan 2016 00:00:00 +0100</pubDate>
      
      <guid>/authors/juan-arizaga/</guid>
      <description></description>
    </item>
    
    <item>
      <title>Juan de la Riva</title>
      <link>/authors/juan-de-la-riva/</link>
      <pubDate>Mon, 01 Jan 2018 00:00:00 +0100</pubDate>
      
      <guid>/authors/juan-de-la-riva/</guid>
      <description></description>
    </item>
    
    <item>
      <title>Juan de la Riva Fernández</title>
      <link>/authors/juan-de-la-riva-fern%C3%A1ndez/</link>
      <pubDate>Mon, 01 Jan 2018 00:00:00 +0100</pubDate>
      
      <guid>/authors/juan-de-la-riva-fern%C3%A1ndez/</guid>
      <description></description>
    </item>
    
    <item>
      <title>Lidia Vlassova</title>
      <link>/authors/lidia-vlassova/</link>
      <pubDate>Wed, 01 Jan 2014 00:00:00 +0100</pubDate>
      
      <guid>/authors/lidia-vlassova/</guid>
      <description></description>
    </item>
    
    <item>
      <title>Lucia Paci</title>
      <link>/authors/lucia-paci/</link>
      <pubDate>Sun, 01 Jan 2017 00:00:00 +0100</pubDate>
      
      <guid>/authors/lucia-paci/</guid>
      <description></description>
    </item>
    
    <item>
      <title>M Lucrecia Pettinari</title>
      <link>/authors/m-lucrecia-pettinari/</link>
      <pubDate>Wed, 01 Jan 2014 00:00:00 +0100</pubDate>
      
      <guid>/authors/m-lucrecia-pettinari/</guid>
      <description></description>
    </item>
    
    <item>
      <title>M Rodrigues Mimbrero</title>
      <link>/authors/m-rodrigues-mimbrero/</link>
      <pubDate>Thu, 01 Jan 2015 00:00:00 +0100</pubDate>
      
      <guid>/authors/m-rodrigues-mimbrero/</guid>
      <description></description>
    </item>
    
    <item>
      <title>Maite Echeverrı́a</title>
      <link>/authors/maite-echeverr%C4%B1%CC%81a/</link>
      <pubDate>Wed, 01 Jan 2014 00:00:00 +0100</pubDate>
      
      <guid>/authors/maite-echeverr%C4%B1%CC%81a/</guid>
      <description></description>
    </item>
    
    <item>
      <title>Marcos Rodrigues</title>
      <link>/authors/marcos-rodrigues/</link>
      <pubDate>Tue, 01 Jan 2019 00:00:00 +0100</pubDate>
      
      <guid>/authors/marcos-rodrigues/</guid>
      <description></description>
    </item>
    
    <item>
      <title>Marcos Rodrigues Mimbrero</title>
      <link>/authors/marcos-rodrigues-mimbrero/</link>
      <pubDate>Tue, 01 Jan 2019 00:00:00 +0100</pubDate>
      
      <guid>/authors/marcos-rodrigues-mimbrero/</guid>
      <description></description>
    </item>
    
    <item>
      <title>Marta Yebra</title>
      <link>/authors/marta-yebra/</link>
      <pubDate>Wed, 01 Jan 2014 00:00:00 +0100</pubDate>
      
      <guid>/authors/marta-yebra/</guid>
      <description></description>
    </item>
    
    <item>
      <title>María Zúñiga-Antón</title>
      <link>/authors/mar%C3%ADa-z%C3%BA%C3%B1iga-ant%C3%B3n/</link>
      <pubDate>Tue, 01 Jan 2019 00:00:00 +0100</pubDate>
      
      <guid>/authors/mar%C3%ADa-z%C3%BA%C3%B1iga-ant%C3%B3n/</guid>
      <description></description>
    </item>
    
    <item>
      <title>Marıía Victoria Román</title>
      <link>/authors/mar%C4%B1%C3%ADa-victoria-rom%C3%A1n/</link>
      <pubDate>Tue, 01 Jan 2013 00:00:00 +0100</pubDate>
      
      <guid>/authors/mar%C4%B1%C3%ADa-victoria-rom%C3%A1n/</guid>
      <description></description>
    </item>
    
    <item>
      <title>Marı́a Asunción Beamonte</title>
      <link>/authors/mar%C4%B1%CC%81a-asunci%C3%B3n-beamonte/</link>
      <pubDate>Sun, 01 Jan 2017 00:00:00 +0100</pubDate>
      
      <guid>/authors/mar%C4%B1%CC%81a-asunci%C3%B3n-beamonte/</guid>
      <description></description>
    </item>
    
    <item>
      <title>Miquel Febrer-Martı́nez</title>
      <link>/authors/miquel-febrer-mart%C4%B1%CC%81nez/</link>
      <pubDate>Mon, 01 Jan 2018 00:00:00 +0100</pubDate>
      
      <guid>/authors/miquel-febrer-mart%C4%B1%CC%81nez/</guid>
      <description></description>
    </item>
    
    <item>
      <title>Norberto Fueyo</title>
      <link>/authors/norberto-fueyo/</link>
      <pubDate>Sat, 01 Jan 2011 00:00:00 +0100</pubDate>
      
      <guid>/authors/norberto-fueyo/</guid>
      <description></description>
    </item>
    
    <item>
      <title>Paloma Ibarra</title>
      <link>/authors/paloma-ibarra/</link>
      <pubDate>Wed, 01 Jan 2014 00:00:00 +0100</pubDate>
      
      <guid>/authors/paloma-ibarra/</guid>
      <description></description>
    </item>
    
    <item>
      <title>Raquel Montorio Lloverı́a</title>
      <link>/authors/raquel-montorio-llover%C4%B1%CC%81a/</link>
      <pubDate>Wed, 01 Jan 2014 00:00:00 +0100</pubDate>
      
      <guid>/authors/raquel-montorio-llover%C4%B1%CC%81a/</guid>
      <description></description>
    </item>
    
    <item>
      <title>Rubén Ibáñez</title>
      <link>/authors/rub%C3%A9n-ib%C3%A1%C3%B1ez/</link>
      <pubDate>Fri, 01 Jan 2016 00:00:00 +0100</pubDate>
      
      <guid>/authors/rub%C3%A9n-ib%C3%A1%C3%B1ez/</guid>
      <description></description>
    </item>
    
    <item>
      <title>Salvador Izquierdo</title>
      <link>/authors/salvador-izquierdo/</link>
      <pubDate>Tue, 01 Jan 2008 00:00:00 +0100</pubDate>
      
      <guid>/authors/salvador-izquierdo/</guid>
      <description></description>
    </item>
    
    <item>
      <title>Sandra Oliveira</title>
      <link>/authors/sandra-oliveira/</link>
      <pubDate>Tue, 01 Jan 2013 00:00:00 +0100</pubDate>
      
      <guid>/authors/sandra-oliveira/</guid>
      <description></description>
    </item>
    
    <item>
      <title>Sandra Santos de Oliveira</title>
      <link>/authors/sandra-santos-de-oliveira/</link>
      <pubDate>Sun, 01 Jan 2012 00:00:00 +0100</pubDate>
      
      <guid>/authors/sandra-santos-de-oliveira/</guid>
      <description></description>
    </item>
    
    <item>
      <title>Sara Jurdao</title>
      <link>/authors/sara-jurdao/</link>
      <pubDate>Wed, 01 Jan 2014 00:00:00 +0100</pubDate>
      
      <guid>/authors/sara-jurdao/</guid>
      <description></description>
    </item>
    
    <item>
      <title>Stewart Fotheringham</title>
      <link>/authors/stewart-fotheringham/</link>
      <pubDate>Wed, 01 Jan 2014 00:00:00 +0100</pubDate>
      
      <guid>/authors/stewart-fotheringham/</guid>
      <description></description>
    </item>
    
    <item>
      <title>Stjin Hantson</title>
      <link>/authors/stjin-hantson/</link>
      <pubDate>Wed, 01 Jan 2014 00:00:00 +0100</pubDate>
      
      <guid>/authors/stjin-hantson/</guid>
      <description></description>
    </item>
    
    <item>
      <title>W Matt Jolly</title>
      <link>/authors/w-matt-jolly/</link>
      <pubDate>Mon, 01 Jan 2018 00:00:00 +0100</pubDate>
      
      <guid>/authors/w-matt-jolly/</guid>
      <description></description>
    </item>
    
    <item>
      <title>Yago Martıín</title>
      <link>/authors/yago-mart%C4%B1%C3%ADn/</link>
      <pubDate>Tue, 01 Jan 2019 00:00:00 +0100</pubDate>
      
      <guid>/authors/yago-mart%C4%B1%C3%ADn/</guid>
      <description></description>
    </item>
    
    <item>
      <title>Yago Martı́n</title>
      <link>/authors/yago-mart%C4%B1%CC%81n/</link>
      <pubDate>Sun, 01 Jan 2017 00:00:00 +0100</pubDate>
      
      <guid>/authors/yago-mart%C4%B1%CC%81n/</guid>
      <description></description>
    </item>
    
    <item>
      <title>Yosune Sanz</title>
      <link>/authors/yosune-sanz/</link>
      <pubDate>Sat, 01 Jan 2011 00:00:00 +0100</pubDate>
      
      <guid>/authors/yosune-sanz/</guid>
      <description></description>
    </item>
    
    <item>
      <title>́ Alberto García-Martín</title>
      <link>/authors/%CC%81-alberto-garc%C3%ADa-mart%C3%ADn/</link>
      <pubDate>Wed, 01 Jan 2014 00:00:00 +0100</pubDate>
      
      <guid>/authors/%CC%81-alberto-garc%C3%ADa-mart%C3%ADn/</guid>
      <description></description>
    </item>
    
  </channel>
</rss>