<?xml version="1.0" encoding="utf-8" standalone="yes" ?>
<rss version="2.0" xmlns:atom="http://www.w3.org/2005/Atom">
  <channel>
    <title>Forest fires on Marcos Rodrigues</title>
    <link>/tags/forest-fires/</link>
    <description>Recent content in Forest fires on Marcos Rodrigues</description>
    <generator>Hugo -- gohugo.io</generator>
    <language>en-us</language>
    <lastBuildDate>Wed, 27 Apr 2016 00:00:00 +0200</lastBuildDate>
    
	<atom:link href="/tags/forest-fires/index.xml" rel="self" type="application/rss+xml" />
    
    
    <item>
      <title>FIREGLOBE</title>
      <link>/project/fireglobe/</link>
      <pubDate>Wed, 27 Apr 2016 00:00:00 +0200</pubDate>
      
      <guid>/project/fireglobe/</guid>
      <description>El proyecto Fireglobe, &amp;ldquo;Análisis de escenarios de riesgo de incendio a escala nacional y global&amp;rdquo;, persigue el generar un sistema para predecir y evaluar el riesgo de incendios forestales que pueda ser aplicable tanto a escala NACIONAL como GLOBAL mediante la utilización de las imágenes de satélite y los sistemas de información geográfica.</description>
    </item>
    
  </channel>
</rss>