<?xml version="1.0" encoding="utf-8" standalone="yes" ?>
<rss version="2.0" xmlns:atom="http://www.w3.org/2005/Atom">
  <channel>
    <title>́ Alberto García-Martín on Marcos Rodrigues</title>
    <link>/authors/%CC%81-alberto-garc%C3%ADa-mart%C3%ADn/</link>
    <description>Recent content in ́ Alberto García-Martín on Marcos Rodrigues</description>
    <generator>Hugo -- gohugo.io</generator>
    <language>en-us</language>
    <lastBuildDate>Wed, 01 Jan 2014 00:00:00 +0100</lastBuildDate>
    
	<atom:link href="/authors/%CC%81-alberto-garc%C3%ADa-mart%C3%ADn/index.xml" rel="self" type="application/rss+xml" />
    
    
    <item>
      <title>Analysis of the relationship between land surface temperature and wildfire severity in a series of Landsat images</title>
      <link>/publication/vlassova-2014-analysis/</link>
      <pubDate>Wed, 01 Jan 2014 00:00:00 +0100</pubDate>
      
      <guid>/publication/vlassova-2014-analysis/</guid>
      <description></description>
    </item>
    
  </channel>
</rss>