<?xml version="1.0" encoding="utf-8" standalone="yes" ?>
<rss version="2.0" xmlns:atom="http://www.w3.org/2005/Atom">
  <channel>
    <title>Salvador Izquierdo on Marcos Rodrigues</title>
    <link>/authors/salvador-izquierdo/</link>
    <description>Recent content in Salvador Izquierdo on Marcos Rodrigues</description>
    <generator>Hugo -- gohugo.io</generator>
    <language>en-us</language>
    <lastBuildDate>Tue, 01 Jan 2008 00:00:00 +0100</lastBuildDate>
    
	<atom:link href="/authors/salvador-izquierdo/index.xml" rel="self" type="application/rss+xml" />
    
    
    <item>
      <title>A method for estimating the geographical distribution of the available roof surface area for large-scale photovoltaic energy-potential evaluations</title>
      <link>/publication/izquierdo-2008-method/</link>
      <pubDate>Tue, 01 Jan 2008 00:00:00 +0100</pubDate>
      
      <guid>/publication/izquierdo-2008-method/</guid>
      <description></description>
    </item>
    
  </channel>
</rss>