<?xml version="1.0" encoding="utf-8" standalone="yes" ?>
<rss version="2.0" xmlns:atom="http://www.w3.org/2005/Atom">
  <channel>
    <title>Alan E Gelfand on Marcos Rodrigues</title>
    <link>/authors/alan-e-gelfand/</link>
    <description>Recent content in Alan E Gelfand on Marcos Rodrigues</description>
    <generator>Hugo -- gohugo.io</generator>
    <language>en-us</language>
    <lastBuildDate>Sun, 01 Jan 2017 00:00:00 +0100</lastBuildDate>
    
	<atom:link href="/authors/alan-e-gelfand/index.xml" rel="self" type="application/rss+xml" />
    
    
    <item>
      <title>Space-time modeling for post-fire vegetation recovery</title>
      <link>/publication/paci-2017-space/</link>
      <pubDate>Sun, 01 Jan 2017 00:00:00 +0100</pubDate>
      
      <guid>/publication/paci-2017-space/</guid>
      <description></description>
    </item>
    
  </channel>
</rss>