<?xml version="1.0" encoding="utf-8" standalone="yes" ?>
<rss version="2.0" xmlns:atom="http://www.w3.org/2005/Atom">
  <channel>
    <title>W Matt Jolly on Marcos Rodrigues</title>
    <link>/authors/w-matt-jolly/</link>
    <description>Recent content in W Matt Jolly on Marcos Rodrigues</description>
    <generator>Hugo -- gohugo.io</generator>
    <language>en-us</language>
    <lastBuildDate>Mon, 01 Jan 2018 00:00:00 +0100</lastBuildDate>
    
	<atom:link href="/authors/w-matt-jolly/index.xml" rel="self" type="application/rss+xml" />
    
    
    <item>
      <title>The role of short-term weather conditions in temporal dynamics of fire regime features in mainland Spain</title>
      <link>/publication/jimenez-2018-role/</link>
      <pubDate>Mon, 01 Jan 2018 00:00:00 +0100</pubDate>
      
      <guid>/publication/jimenez-2018-role/</guid>
      <description></description>
    </item>
    
  </channel>
</rss>