<?xml version="1.0" encoding="utf-8" standalone="yes" ?>
<rss version="2.0" xmlns:atom="http://www.w3.org/2005/Atom">
  <channel>
    <title>MS Nixon on Marcos Rodrigues</title>
    <link>/authors/ms-nixon/</link>
    <description>Recent content in MS Nixon on Marcos Rodrigues</description>
    <generator>Hugo -- gohugo.io</generator>
    <language>en-us</language>
    <lastBuildDate>Mon, 01 Jul 2013 00:00:00 +0200</lastBuildDate>
    
	<atom:link href="/authors/ms-nixon/index.xml" rel="self" type="application/rss+xml" />
    
    
    <item>
      <title>Mobile visual clothing search</title>
      <link>/publication/clothing-search/</link>
      <pubDate>Mon, 01 Jul 2013 00:00:00 +0200</pubDate>
      
      <guid>/publication/clothing-search/</guid>
      <description>More detail can easily be written here using Markdown and $\rm \LaTeX$ math code.</description>
    </item>
    
  </channel>
</rss>