<?xml version="1.0" encoding="utf-8" standalone="yes" ?>
<rss version="2.0" xmlns:atom="http://www.w3.org/2005/Atom">
  <channel>
    <title>Fernando Pérez-Cabello on Marcos Rodrigues</title>
    <link>/authors/fernando-p%C3%A9rez-cabello/</link>
    <description>Recent content in Fernando Pérez-Cabello on Marcos Rodrigues</description>
    <generator>Hugo -- gohugo.io</generator>
    <language>en-us</language>
    <lastBuildDate>Mon, 01 Jan 2018 00:00:00 +0100</lastBuildDate>
    
	<atom:link href="/authors/fernando-p%C3%A9rez-cabello/index.xml" rel="self" type="application/rss+xml" />
    
    
    <item>
      <title>Accuracy assessment of the latest generations of MODIS burned area products for mapping fire scars on a regional scale over Campos Amazônicos Savanna Enclave (Brazilian Amazon)</title>
      <link>/publication/alves-2018-accuracy/</link>
      <pubDate>Mon, 01 Jan 2018 00:00:00 +0100</pubDate>
      
      <guid>/publication/alves-2018-accuracy/</guid>
      <description></description>
    </item>
    
    <item>
      <title>Space-time modeling for post-fire vegetation recovery</title>
      <link>/publication/paci-2017-space/</link>
      <pubDate>Sun, 01 Jan 2017 00:00:00 +0100</pubDate>
      
      <guid>/publication/paci-2017-space/</guid>
      <description></description>
    </item>
    
    <item>
      <title>Analysis of the relationship between land surface temperature and wildfire severity in a series of Landsat images</title>
      <link>/publication/vlassova-2014-analysis/</link>
      <pubDate>Wed, 01 Jan 2014 00:00:00 +0100</pubDate>
      
      <guid>/publication/vlassova-2014-analysis/</guid>
      <description></description>
    </item>
    
  </channel>
</rss>