<?xml version="1.0" encoding="utf-8" standalone="yes" ?>
<rss version="2.0" xmlns:atom="http://www.w3.org/2005/Atom">
  <channel>
    <title>Maite Echeverrı́a on Marcos Rodrigues</title>
    <link>/authors/maite-echeverr%C4%B1%CC%81a/</link>
    <description>Recent content in Maite Echeverrı́a on Marcos Rodrigues</description>
    <generator>Hugo -- gohugo.io</generator>
    <language>en-us</language>
    <lastBuildDate>Wed, 01 Jan 2014 00:00:00 +0100</lastBuildDate>
    
	<atom:link href="/authors/maite-echeverr%C4%B1%CC%81a/index.xml" rel="self" type="application/rss+xml" />
    
    
    <item>
      <title>A method for regional-scale assessment of vegetation recovery time after high-severity wildfires: Case study of Spain</title>
      <link>/publication/rodrigues-2014-method/</link>
      <pubDate>Wed, 01 Jan 2014 00:00:00 +0100</pubDate>
      
      <guid>/publication/rodrigues-2014-method/</guid>
      <description></description>
    </item>
    
  </channel>
</rss>