<?xml version="1.0" encoding="utf-8" standalone="yes" ?>
<rss version="2.0" xmlns:atom="http://www.w3.org/2005/Atom">
  <channel>
    <title>Climate on Marcos Rodrigues</title>
    <link>/tags/climate/</link>
    <description>Recent content in Climate on Marcos Rodrigues</description>
    <generator>Hugo -- gohugo.io</generator>
    <language>en-us</language>
    <lastBuildDate>Wed, 27 Apr 2016 00:00:00 +0200</lastBuildDate>
    
	<atom:link href="/tags/climate/index.xml" rel="self" type="application/rss+xml" />
    
    
    <item>
      <title>CLICES</title>
      <link>/project/clices/</link>
      <pubDate>Wed, 27 Apr 2016 00:00:00 +0200</pubDate>
      
      <guid>/project/clices/</guid>
      <description></description>
    </item>
    
  </channel>
</rss>