<?xml version="1.0" encoding="utf-8" standalone="yes" ?>
<rss version="2.0" xmlns:atom="http://www.w3.org/2005/Atom">
  <channel>
    <title>Claudia Kemper Pacheco on Marcos Rodrigues</title>
    <link>/authors/claudia-kemper-pacheco/</link>
    <description>Recent content in Claudia Kemper Pacheco on Marcos Rodrigues</description>
    <generator>Hugo -- gohugo.io</generator>
    <language>en-us</language>
    <lastBuildDate>Sun, 01 Jan 2012 00:00:00 +0100</lastBuildDate>
    
	<atom:link href="/authors/claudia-kemper-pacheco/index.xml" rel="self" type="application/rss+xml" />
    
    
    <item>
      <title>Land cover change and fire regime in the European Mediterranean region</title>
      <link>/publication/san-2012-land/</link>
      <pubDate>Sun, 01 Jan 2012 00:00:00 +0100</pubDate>
      
      <guid>/publication/san-2012-land/</guid>
      <description></description>
    </item>
    
  </channel>
</rss>