<?xml version="1.0" encoding="utf-8" standalone="yes" ?>
<rss version="2.0" xmlns:atom="http://www.w3.org/2005/Atom">
  <channel>
    <title>Academic on Marcos Rodrigues</title>
    <link>/tags/academic/</link>
    <description>Recent content in Academic on Marcos Rodrigues</description>
    <generator>Hugo -- gohugo.io</generator>
    <language>en-us</language>
    <lastBuildDate>Wed, 20 Apr 2016 00:00:00 +0200</lastBuildDate>
    
	<atom:link href="/tags/academic/index.xml" rel="self" type="application/rss+xml" />
    
    
    <item>
      <title>Academic: the website designer for Hugo</title>
      <link>/post/getting-started/</link>
      <pubDate>Wed, 20 Apr 2016 00:00:00 +0200</pubDate>
      
      <guid>/post/getting-started/</guid>
      <description>Academic makes it easy to create a beautiful website for free using Markdown. Customize anything on your site with widgets, themes, and language packs.
Follow our easy step by step guide to learn how to build your own free website with Academic. Check out the personal demo or the business demo of what you&amp;rsquo;ll get in less than 10 minutes.
 View the documentation Ask a question Request a feature or report a bug Updating?</description>
    </item>
    
  </channel>
</rss>