<?xml version="1.0" encoding="utf-8" standalone="yes" ?>
<rss version="2.0" xmlns:atom="http://www.w3.org/2005/Atom">
  <channel>
    <title>Diego Azqueta on Marcos Rodrigues</title>
    <link>/authors/diego-azqueta/</link>
    <description>Recent content in Diego Azqueta on Marcos Rodrigues</description>
    <generator>Hugo -- gohugo.io</generator>
    <language>en-us</language>
    <lastBuildDate>Tue, 01 Jan 2013 00:00:00 +0100</lastBuildDate>
    
	<atom:link href="/authors/diego-azqueta/index.xml" rel="self" type="application/rss+xml" />
    
    
    <item>
      <title>Methodological approach to assess the socio-economic vulnerability to wildfires in Spain</title>
      <link>/publication/roman-2013-methodological/</link>
      <pubDate>Tue, 01 Jan 2013 00:00:00 +0100</pubDate>
      
      <guid>/publication/roman-2013-methodological/</guid>
      <description></description>
    </item>
    
  </channel>
</rss>