<?xml version="1.0" encoding="utf-8" standalone="yes" ?>
<rss version="2.0" xmlns:atom="http://www.w3.org/2005/Atom">
  <channel>
    <title>Overview on Marcos Rodrigues</title>
    <link>/tutorial/</link>
    <description>Recent content in Overview on Marcos Rodrigues</description>
    <generator>Hugo -- gohugo.io</generator>
    <language>en-us</language>
    <lastBuildDate>Sun, 09 Sep 2018 00:00:00 +0200</lastBuildDate>
    
	<atom:link href="/tutorial/index.xml" rel="self" type="application/rss+xml" />
    
    
    <item>
      <title>Example Page</title>
      <link>/tutorial/example/</link>
      <pubDate>Sun, 09 Sep 2018 00:00:00 +0200</pubDate>
      
      <guid>/tutorial/example/</guid>
      <description>In this tutorial, I&amp;rsquo;ll share my top 10 tips for getting started with Academic:
Tip 1 &amp;hellip;
Tip 2 &amp;hellip;</description>
    </item>
    
  </channel>
</rss>