<?xml version="1.0" encoding="utf-8" standalone="yes" ?>
<rss version="2.0" xmlns:atom="http://www.w3.org/2005/Atom">
  <channel>
    <title>María Zúñiga-Antón on Marcos Rodrigues</title>
    <link>/authors/mar%C3%ADa-z%C3%BA%C3%B1iga-ant%C3%B3n/</link>
    <description>Recent content in María Zúñiga-Antón on Marcos Rodrigues</description>
    <generator>Hugo -- gohugo.io</generator>
    <language>en-us</language>
    <lastBuildDate>Tue, 01 Jan 2019 00:00:00 +0100</lastBuildDate>
    
	<atom:link href="/authors/mar%C3%ADa-z%C3%BA%C3%B1iga-ant%C3%B3n/index.xml" rel="self" type="application/rss+xml" />
    
    
    <item>
      <title>Modelling temporal variation of fire-occurrence towards the dynamic prediction of human wildfire ignition danger in northeast Spain</title>
      <link>/publication/martin-2019-modelling/</link>
      <pubDate>Tue, 01 Jan 2019 00:00:00 +0100</pubDate>
      
      <guid>/publication/martin-2019-modelling/</guid>
      <description></description>
    </item>
    
    <item>
      <title>Community vulnerability to hazards: Introducing local expert knowledge into the equation</title>
      <link>/publication/martin-2017-community/</link>
      <pubDate>Sun, 01 Jan 2017 00:00:00 +0100</pubDate>
      
      <guid>/publication/martin-2017-community/</guid>
      <description></description>
    </item>
    
  </channel>
</rss>